PCODE,Weeks,KEY,Name,Population,Cases,Cumul_Cases,IR10000,Cumul_IR10000
ZMB_TW0001,5,ZMB_TW0001_5,Bauleni,29843,0,0,0,0
ZMB_TW0001,6,ZMB_TW0001_6,Bauleni,29843,0,0,0,0
ZMB_TW0001,7,ZMB_TW0001_7,Bauleni,29843,0,0,0,0
ZMB_TW0001,8,ZMB_TW0001_8,Bauleni,29843,0,0,0,0
ZMB_TW0001,9,ZMB_TW0001_9,Bauleni,29843,1,1,0.34,0.34
ZMB_TW0001,10,ZMB_TW0001_10,Bauleni,29843,16,17,5.36,5.7
ZMB_TW0001,11,ZMB_TW0001_11,Bauleni,29843,101,118,33.84,39.54
ZMB_TW0001,12,ZMB_TW0001_12,Bauleni,29843,72,190,24.13,63.67
ZMB_TW0001,13,ZMB_TW0001_13,Bauleni,29843,45,235,15.08,78.75
ZMB_TW0001,14,ZMB_TW0001_14,Bauleni,29843,21,256,7.04,85.78
ZMB_TW0001,15,ZMB_TW0001_15,Bauleni,29843,19,275,6.37,92.15
ZMB_TW0001,16,ZMB_TW0001_16,Bauleni,29843,3,278,1.01,93.15
ZMB_TW0001,17,ZMB_TW0001_17,Bauleni,29843,0,278,0,93.15
ZMB_TW0001,18,ZMB_TW0001_18,Bauleni,29843,0,278,0,93.15
ZMB_TW0001,19,ZMB_TW0001_19,Bauleni,29843,0,278,0,93.15
ZMB_TW0001,20,ZMB_TW0001_20,Bauleni,29843,0,278,0,93.15
ZMB_TW0002,5,ZMB_TW0002_5,Chibolya,3129,0,0,0,0
ZMB_TW0002,6,ZMB_TW0002_6,Chibolya,3129,0,0,0,0
ZMB_TW0002,7,ZMB_TW0002_7,Chibolya,3129,0,0,0,0
ZMB_TW0002,8,ZMB_TW0002_8,Chibolya,3129,0,0,0,0
ZMB_TW0002,9,ZMB_TW0002_9,Chibolya,3129,0,0,0,0
ZMB_TW0002,10,ZMB_TW0002_10,Chibolya,3129,0,0,0,0
ZMB_TW0002,11,ZMB_TW0002_11,Chibolya,3129,0,0,0,0
ZMB_TW0002,12,ZMB_TW0002_12,Chibolya,3129,1,1,3.2,3.2
ZMB_TW0002,13,ZMB_TW0002_13,Chibolya,3129,0,1,0,3.2
ZMB_TW0002,14,ZMB_TW0002_14,Chibolya,3129,0,1,0,3.2
ZMB_TW0002,15,ZMB_TW0002_15,Chibolya,3129,3,4,9.59,12.78
ZMB_TW0002,16,ZMB_TW0002_16,Chibolya,3129,0,4,0,12.78
ZMB_TW0002,17,ZMB_TW0002_17,Chibolya,3129,0,4,0,12.78
ZMB_TW0002,18,ZMB_TW0002_18,Chibolya,3129,0,4,0,12.78
ZMB_TW0002,19,ZMB_TW0002_19,Chibolya,3129,0,4,0,12.78
ZMB_TW0002,20,ZMB_TW0002_20,Chibolya,3129,0,4,0,12.78
ZMB_TW0003,5,ZMB_TW0003_5,Kalikiliki,18377,0,0,0,0
ZMB_TW0003,6,ZMB_TW0003_6,Kalikiliki,18377,0,0,0,0
ZMB_TW0003,7,ZMB_TW0003_7,Kalikiliki,18377,0,0,0,0
ZMB_TW0003,8,ZMB_TW0003_8,Kalikiliki,18377,0,0,0,0
ZMB_TW0003,9,ZMB_TW0003_9,Kalikiliki,18377,0,0,0,0
ZMB_TW0003,10,ZMB_TW0003_10,Kalikiliki,18377,0,0,0,0
ZMB_TW0003,11,ZMB_TW0003_11,Kalikiliki,18377,0,0,0,0
ZMB_TW0003,12,ZMB_TW0003_12,Kalikiliki,18377,0,0,0,0
ZMB_TW0003,13,ZMB_TW0003_13,Kalikiliki,18377,0,0,0,0
ZMB_TW0003,14,ZMB_TW0003_14,Kalikiliki,18377,0,0,0,0
ZMB_TW0003,15,ZMB_TW0003_15,Kalikiliki,18377,0,0,0,0
ZMB_TW0003,16,ZMB_TW0003_16,Kalikiliki,18377,1,1,0.54,0.54
ZMB_TW0003,17,ZMB_TW0003_17,Kalikiliki,18377,0,1,0,0.54
ZMB_TW0003,18,ZMB_TW0003_18,Kalikiliki,18377,0,1,0,0.54
ZMB_TW0003,19,ZMB_TW0003_19,Kalikiliki,18377,0,1,0,0.54
ZMB_TW0003,20,ZMB_TW0003_20,Kalikiliki,18377,0,1,0,0.54
ZMB_TW0004,5,ZMB_TW0004_5,Ng'ombe,57630,0,0,0,0
ZMB_TW0004,6,ZMB_TW0004_6,Ng'ombe,57630,0,0,0,0
ZMB_TW0004,7,ZMB_TW0004_7,Ng'ombe,57630,0,0,0,0
ZMB_TW0004,8,ZMB_TW0004_8,Ng'ombe,57630,0,0,0,0
ZMB_TW0004,9,ZMB_TW0004_9,Ng'ombe,57630,0,0,0,0
ZMB_TW0004,10,ZMB_TW0004_10,Ng'ombe,57630,0,0,0,0
ZMB_TW0004,11,ZMB_TW0004_11,Ng'ombe,57630,0,0,0,0
ZMB_TW0004,12,ZMB_TW0004_12,Ng'ombe,57630,0,0,0,0
ZMB_TW0004,13,ZMB_TW0004_13,Ng'ombe,57630,0,0,0,0
ZMB_TW0004,14,ZMB_TW0004_14,Ng'ombe,57630,0,0,0,0
ZMB_TW0004,15,ZMB_TW0004_15,Ng'ombe,57630,0,0,0,0
ZMB_TW0004,16,ZMB_TW0004_16,Ng'ombe,57630,0,0,0,0
ZMB_TW0004,17,ZMB_TW0004_17,Ng'ombe,57630,0,0,0,0
ZMB_TW0004,18,ZMB_TW0004_18,Ng'ombe,57630,0,0,0,0
ZMB_TW0004,19,ZMB_TW0004_19,Ng'ombe,57630,0,0,0,0
ZMB_TW0004,20,ZMB_TW0004_20,Ng'ombe,57630,0,0,0,0
ZMB_TW0005,5,ZMB_TW0005_5,Kalingalinga,44561,0,0,0,0
ZMB_TW0005,6,ZMB_TW0005_6,Kalingalinga,44561,0,0,0,0
ZMB_TW0005,7,ZMB_TW0005_7,Kalingalinga,44561,0,0,0,0
ZMB_TW0005,8,ZMB_TW0005_8,Kalingalinga,44561,0,0,0,0
ZMB_TW0005,9,ZMB_TW0005_9,Kalingalinga,44561,0,0,0,0
ZMB_TW0005,10,ZMB_TW0005_10,Kalingalinga,44561,0,0,0,0
ZMB_TW0005,11,ZMB_TW0005_11,Kalingalinga,44561,0,0,0,0
ZMB_TW0005,12,ZMB_TW0005_12,Kalingalinga,44561,0,0,0,0
ZMB_TW0005,13,ZMB_TW0005_13,Kalingalinga,44561,0,0,0,0
ZMB_TW0005,14,ZMB_TW0005_14,Kalingalinga,44561,0,0,0,0
ZMB_TW0005,15,ZMB_TW0005_15,Kalingalinga,44561,1,1,0.22,0.22
ZMB_TW0005,16,ZMB_TW0005_16,Kalingalinga,44561,2,3,0.45,0.67
ZMB_TW0005,17,ZMB_TW0005_17,Kalingalinga,44561,0,3,0,0.67
ZMB_TW0005,18,ZMB_TW0005_18,Kalingalinga,44561,0,3,0,0.67
ZMB_TW0005,19,ZMB_TW0005_19,Kalingalinga,44561,0,3,0,0.67
ZMB_TW0005,20,ZMB_TW0005_20,Kalingalinga,44561,0,3,0,0.67
ZMB_TW0006,5,ZMB_TW0006_5,Mtendere,78367,0,0,0,0
ZMB_TW0006,6,ZMB_TW0006_6,Mtendere,78367,0,0,0,0
ZMB_TW0006,7,ZMB_TW0006_7,Mtendere,78367,0,0,0,0
ZMB_TW0006,8,ZMB_TW0006_8,Mtendere,78367,0,0,0,0
ZMB_TW0006,9,ZMB_TW0006_9,Mtendere,78367,0,0,0,0
ZMB_TW0006,10,ZMB_TW0006_10,Mtendere,78367,0,0,0,0
ZMB_TW0006,11,ZMB_TW0006_11,Mtendere,78367,0,0,0,0
ZMB_TW0006,12,ZMB_TW0006_12,Mtendere,78367,9,9,1.15,1.15
ZMB_TW0006,13,ZMB_TW0006_13,Mtendere,78367,9,18,1.15,2.3
ZMB_TW0006,14,ZMB_TW0006_14,Mtendere,78367,22,40,2.81,5.1
ZMB_TW0006,15,ZMB_TW0006_15,Mtendere,78367,11,51,1.4,6.51
ZMB_TW0006,16,ZMB_TW0006_16,Mtendere,78367,4,55,0.51,7.02
ZMB_TW0006,17,ZMB_TW0006_17,Mtendere,78367,0,55,0,7.02
ZMB_TW0006,18,ZMB_TW0006_18,Mtendere,78367,0,55,0,7.02
ZMB_TW0006,19,ZMB_TW0006_19,Mtendere,78367,0,55,0,7.02
ZMB_TW0006,20,ZMB_TW0006_20,Mtendere,78367,0,55,0,7.02
ZMB_TW0007,5,ZMB_TW0007_5,Helen Kaunda,3752,0,0,0,0
ZMB_TW0007,6,ZMB_TW0007_6,Helen Kaunda,3752,0,0,0,0
ZMB_TW0007,7,ZMB_TW0007_7,Helen Kaunda,3752,0,0,0,0
ZMB_TW0007,8,ZMB_TW0007_8,Helen Kaunda,3752,0,0,0,0
ZMB_TW0007,9,ZMB_TW0007_9,Helen Kaunda,3752,0,0,0,0
ZMB_TW0007,10,ZMB_TW0007_10,Helen Kaunda,3752,0,0,0,0
ZMB_TW0007,11,ZMB_TW0007_11,Helen Kaunda,3752,0,0,0,0
ZMB_TW0007,12,ZMB_TW0007_12,Helen Kaunda,3752,0,0,0,0
ZMB_TW0007,13,ZMB_TW0007_13,Helen Kaunda,3752,0,0,0,0
ZMB_TW0007,14,ZMB_TW0007_14,Helen Kaunda,3752,0,0,0,0
ZMB_TW0007,15,ZMB_TW0007_15,Helen Kaunda,3752,0,0,0,0
ZMB_TW0007,16,ZMB_TW0007_16,Helen Kaunda,3752,0,0,0,0
ZMB_TW0007,17,ZMB_TW0007_17,Helen Kaunda,3752,0,0,0,0
ZMB_TW0007,18,ZMB_TW0007_18,Helen Kaunda,3752,0,0,0,0
ZMB_TW0007,19,ZMB_TW0007_19,Helen Kaunda,3752,0,0,0,0
ZMB_TW0007,20,ZMB_TW0007_20,Helen Kaunda,3752,0,0,0,0
ZMB_TW0008,5,ZMB_TW0008_5,Kabulonga,20453,0,0,0,0
ZMB_TW0008,6,ZMB_TW0008_6,Kabulonga,20453,0,0,0,0
ZMB_TW0008,7,ZMB_TW0008_7,Kabulonga,20453,0,0,0,0
ZMB_TW0008,8,ZMB_TW0008_8,Kabulonga,20453,0,0,0,0
ZMB_TW0008,9,ZMB_TW0008_9,Kabulonga,20453,0,0,0,0
ZMB_TW0008,10,ZMB_TW0008_10,Kabulonga,20453,0,0,0,0
ZMB_TW0008,11,ZMB_TW0008_11,Kabulonga,20453,0,0,0,0
ZMB_TW0008,12,ZMB_TW0008_12,Kabulonga,20453,2,2,0.98,0.98
ZMB_TW0008,13,ZMB_TW0008_13,Kabulonga,20453,0,2,0,0.98
ZMB_TW0008,14,ZMB_TW0008_14,Kabulonga,20453,1,3,0.49,1.47
ZMB_TW0008,15,ZMB_TW0008_15,Kabulonga,20453,0,3,0,1.47
ZMB_TW0008,16,ZMB_TW0008_16,Kabulonga,20453,0,3,0,1.47
ZMB_TW0008,17,ZMB_TW0008_17,Kabulonga,20453,0,3,0,1.47
ZMB_TW0008,18,ZMB_TW0008_18,Kabulonga,20453,0,3,0,1.47
ZMB_TW0008,19,ZMB_TW0008_19,Kabulonga,20453,0,3,0,1.47
ZMB_TW0008,20,ZMB_TW0008_20,Kabulonga,20453,0,3,0,1.47
ZMB_TW0009,5,ZMB_TW0009_5,Ibex Hill,12233,0,0,0,0
ZMB_TW0009,6,ZMB_TW0009_6,Ibex Hill,12233,0,0,0,0
ZMB_TW0009,7,ZMB_TW0009_7,Ibex Hill,12233,0,0,0,0
ZMB_TW0009,8,ZMB_TW0009_8,Ibex Hill,12233,0,0,0,0
ZMB_TW0009,9,ZMB_TW0009_9,Ibex Hill,12233,0,0,0,0
ZMB_TW0009,10,ZMB_TW0009_10,Ibex Hill,12233,0,0,0,0
ZMB_TW0009,11,ZMB_TW0009_11,Ibex Hill,12233,0,0,0,0
ZMB_TW0009,12,ZMB_TW0009_12,Ibex Hill,12233,0,0,0,0
ZMB_TW0009,13,ZMB_TW0009_13,Ibex Hill,12233,0,0,0,0
ZMB_TW0009,14,ZMB_TW0009_14,Ibex Hill,12233,0,0,0,0
ZMB_TW0009,15,ZMB_TW0009_15,Ibex Hill,12233,0,0,0,0
ZMB_TW0009,16,ZMB_TW0009_16,Ibex Hill,12233,0,0,0,0
ZMB_TW0009,17,ZMB_TW0009_17,Ibex Hill,12233,0,0,0,0
ZMB_TW0009,18,ZMB_TW0009_18,Ibex Hill,12233,0,0,0,0
ZMB_TW0009,19,ZMB_TW0009_19,Ibex Hill,12233,0,0,0,0
ZMB_TW0009,20,ZMB_TW0009_20,Ibex Hill,12233,0,0,0,0
ZMB_TW0010,5,ZMB_TW0010_5,Chakunkula,0,0,0,0,0
ZMB_TW0010,6,ZMB_TW0010_6,Chakunkula,0,0,0,0,0
ZMB_TW0010,7,ZMB_TW0010_7,Chakunkula,0,0,0,0,0
ZMB_TW0010,8,ZMB_TW0010_8,Chakunkula,0,0,0,0,0
ZMB_TW0010,9,ZMB_TW0010_9,Chakunkula,0,0,0,0,0
ZMB_TW0010,10,ZMB_TW0010_10,Chakunkula,0,0,0,0,0
ZMB_TW0010,11,ZMB_TW0010_11,Chakunkula,0,0,0,0,0
ZMB_TW0010,12,ZMB_TW0010_12,Chakunkula,0,0,0,0,0
ZMB_TW0010,13,ZMB_TW0010_13,Chakunkula,0,0,0,0,0
ZMB_TW0010,14,ZMB_TW0010_14,Chakunkula,0,0,0,0,0
ZMB_TW0010,15,ZMB_TW0010_15,Chakunkula,0,0,0,0,0
ZMB_TW0010,16,ZMB_TW0010_16,Chakunkula,0,0,0,0,0
ZMB_TW0010,17,ZMB_TW0010_17,Chakunkula,0,0,0,0,0
ZMB_TW0010,18,ZMB_TW0010_18,Chakunkula,0,0,0,0,0
ZMB_TW0010,19,ZMB_TW0010_19,Chakunkula,0,0,0,0,0
ZMB_TW0010,20,ZMB_TW0010_20,Chakunkula,0,0,0,0,0
ZMB_TW0011,5,ZMB_TW0011_5,Avondale,17756,0,0,0,0
ZMB_TW0011,6,ZMB_TW0011_6,Avondale,17756,0,0,0,0
ZMB_TW0011,7,ZMB_TW0011_7,Avondale,17756,0,0,0,0
ZMB_TW0011,8,ZMB_TW0011_8,Avondale,17756,0,0,0,0
ZMB_TW0011,9,ZMB_TW0011_9,Avondale,17756,0,0,0,0
ZMB_TW0011,10,ZMB_TW0011_10,Avondale,17756,0,0,0,0
ZMB_TW0011,11,ZMB_TW0011_11,Avondale,17756,0,0,0,0
ZMB_TW0011,12,ZMB_TW0011_12,Avondale,17756,0,0,0,0
ZMB_TW0011,13,ZMB_TW0011_13,Avondale,17756,3,3,1.69,1.69
ZMB_TW0011,14,ZMB_TW0011_14,Avondale,17756,0,3,0,1.69
ZMB_TW0011,15,ZMB_TW0011_15,Avondale,17756,0,3,0,1.69
ZMB_TW0011,16,ZMB_TW0011_16,Avondale,17756,1,4,0.56,2.25
ZMB_TW0011,17,ZMB_TW0011_17,Avondale,17756,0,4,0,2.25
ZMB_TW0011,18,ZMB_TW0011_18,Avondale,17756,0,4,0,2.25
ZMB_TW0011,19,ZMB_TW0011_19,Avondale,17756,0,4,0,2.25
ZMB_TW0011,20,ZMB_TW0011_20,Avondale,17756,0,4,0,2.25
ZMB_TW0012,5,ZMB_TW0012_5,Kamanga,9393,0,0,0,0
ZMB_TW0012,6,ZMB_TW0012_6,Kamanga,9393,0,0,0,0
ZMB_TW0012,7,ZMB_TW0012_7,Kamanga,9393,0,0,0,0
ZMB_TW0012,8,ZMB_TW0012_8,Kamanga,9393,0,0,0,0
ZMB_TW0012,9,ZMB_TW0012_9,Kamanga,9393,0,0,0,0
ZMB_TW0012,10,ZMB_TW0012_10,Kamanga,9393,0,0,0,0
ZMB_TW0012,11,ZMB_TW0012_11,Kamanga,9393,0,0,0,0
ZMB_TW0012,12,ZMB_TW0012_12,Kamanga,9393,0,0,0,0
ZMB_TW0012,13,ZMB_TW0012_13,Kamanga,9393,0,0,0,0
ZMB_TW0012,14,ZMB_TW0012_14,Kamanga,9393,0,0,0,0
ZMB_TW0012,15,ZMB_TW0012_15,Kamanga,9393,0,0,0,0
ZMB_TW0012,16,ZMB_TW0012_16,Kamanga,9393,0,0,0,0
ZMB_TW0012,17,ZMB_TW0012_17,Kamanga,9393,0,0,0,0
ZMB_TW0012,18,ZMB_TW0012_18,Kamanga,9393,0,0,0,0
ZMB_TW0012,19,ZMB_TW0012_19,Kamanga,9393,0,0,0,0
ZMB_TW0012,20,ZMB_TW0012_20,Kamanga,9393,0,0,0,0
ZMB_TW0013,5,ZMB_TW0013_5,Kaunda square,40796,0,0,0,0
ZMB_TW0013,6,ZMB_TW0013_6,Kaunda square,40796,0,0,0,0
ZMB_TW0013,7,ZMB_TW0013_7,Kaunda square,40796,0,0,0,0
ZMB_TW0013,8,ZMB_TW0013_8,Kaunda square,40796,0,0,0,0
ZMB_TW0013,9,ZMB_TW0013_9,Kaunda square,40796,0,0,0,0
ZMB_TW0013,10,ZMB_TW0013_10,Kaunda square,40796,0,0,0,0
ZMB_TW0013,11,ZMB_TW0013_11,Kaunda square,40796,0,0,0,0
ZMB_TW0013,12,ZMB_TW0013_12,Kaunda square,40796,0,0,0,0
ZMB_TW0013,13,ZMB_TW0013_13,Kaunda square,40796,1,1,0.25,0.25
ZMB_TW0013,14,ZMB_TW0013_14,Kaunda square,40796,1,2,0.25,0.49
ZMB_TW0013,15,ZMB_TW0013_15,Kaunda square,40796,0,2,0,0.49
ZMB_TW0013,16,ZMB_TW0013_16,Kaunda square,40796,0,2,0,0.49
ZMB_TW0013,17,ZMB_TW0013_17,Kaunda square,40796,0,2,0,0.49
ZMB_TW0013,18,ZMB_TW0013_18,Kaunda square,40796,0,2,0,0.49
ZMB_TW0013,19,ZMB_TW0013_19,Kaunda square,40796,0,2,0,0.49
ZMB_TW0013,20,ZMB_TW0013_20,Kaunda square,40796,0,2,0,0.49
ZMB_TW0014,5,ZMB_TW0014_5,Chudleigh,9168,0,0,0,0
ZMB_TW0014,6,ZMB_TW0014_6,Chudleigh,9168,0,0,0,0
ZMB_TW0014,7,ZMB_TW0014_7,Chudleigh,9168,0,0,0,0
ZMB_TW0014,8,ZMB_TW0014_8,Chudleigh,9168,0,0,0,0
ZMB_TW0014,9,ZMB_TW0014_9,Chudleigh,9168,0,0,0,0
ZMB_TW0014,10,ZMB_TW0014_10,Chudleigh,9168,0,0,0,0
ZMB_TW0014,11,ZMB_TW0014_11,Chudleigh,9168,0,0,0,0
ZMB_TW0014,12,ZMB_TW0014_12,Chudleigh,9168,0,0,0,0
ZMB_TW0014,13,ZMB_TW0014_13,Chudleigh,9168,0,0,0,0
ZMB_TW0014,14,ZMB_TW0014_14,Chudleigh,9168,0,0,0,0
ZMB_TW0014,15,ZMB_TW0014_15,Chudleigh,9168,0,0,0,0
ZMB_TW0014,16,ZMB_TW0014_16,Chudleigh,9168,0,0,0,0
ZMB_TW0014,17,ZMB_TW0014_17,Chudleigh,9168,0,0,0,0
ZMB_TW0014,18,ZMB_TW0014_18,Chudleigh,9168,0,0,0,0
ZMB_TW0014,19,ZMB_TW0014_19,Chudleigh,9168,0,0,0,0
ZMB_TW0014,20,ZMB_TW0014_20,Chudleigh,9168,0,0,0,0
ZMB_TW0015,5,ZMB_TW0015_5,Mwambula,0,0,0,0,0
ZMB_TW0015,6,ZMB_TW0015_6,Mwambula,0,0,0,0,0
ZMB_TW0015,7,ZMB_TW0015_7,Mwambula,0,0,0,0,0
ZMB_TW0015,8,ZMB_TW0015_8,Mwambula,0,0,0,0,0
ZMB_TW0015,9,ZMB_TW0015_9,Mwambula,0,0,0,0,0
ZMB_TW0015,10,ZMB_TW0015_10,Mwambula,0,0,0,0,0
ZMB_TW0015,11,ZMB_TW0015_11,Mwambula,0,0,0,0,0
ZMB_TW0015,12,ZMB_TW0015_12,Mwambula,0,0,0,0,0
ZMB_TW0015,13,ZMB_TW0015_13,Mwambula,0,0,0,0,0
ZMB_TW0015,14,ZMB_TW0015_14,Mwambula,0,0,0,0,0
ZMB_TW0015,15,ZMB_TW0015_15,Mwambula,0,0,0,0,0
ZMB_TW0015,16,ZMB_TW0015_16,Mwambula,0,0,0,0,0
ZMB_TW0015,17,ZMB_TW0015_17,Mwambula,0,0,0,0,0
ZMB_TW0015,18,ZMB_TW0015_18,Mwambula,0,0,0,0,0
ZMB_TW0015,19,ZMB_TW0015_19,Mwambula,0,0,0,0,0
ZMB_TW0015,20,ZMB_TW0015_20,Mwambula,0,0,0,0,0
ZMB_TW0016,5,ZMB_TW0016_5,Kalundu,4958,0,0,0,0
ZMB_TW0016,6,ZMB_TW0016_6,Kalundu,4958,0,0,0,0
ZMB_TW0016,7,ZMB_TW0016_7,Kalundu,4958,0,0,0,0
ZMB_TW0016,8,ZMB_TW0016_8,Kalundu,4958,0,0,0,0
ZMB_TW0016,9,ZMB_TW0016_9,Kalundu,4958,0,0,0,0
ZMB_TW0016,10,ZMB_TW0016_10,Kalundu,4958,0,0,0,0
ZMB_TW0016,11,ZMB_TW0016_11,Kalundu,4958,1,1,2.02,2.02
ZMB_TW0016,12,ZMB_TW0016_12,Kalundu,4958,0,1,0,2.02
ZMB_TW0016,13,ZMB_TW0016_13,Kalundu,4958,0,1,0,2.02
ZMB_TW0016,14,ZMB_TW0016_14,Kalundu,4958,0,1,0,2.02
ZMB_TW0016,15,ZMB_TW0016_15,Kalundu,4958,0,1,0,2.02
ZMB_TW0016,16,ZMB_TW0016_16,Kalundu,4958,0,1,0,2.02
ZMB_TW0016,17,ZMB_TW0016_17,Kalundu,4958,0,1,0,2.02
ZMB_TW0016,18,ZMB_TW0016_18,Kalundu,4958,0,1,0,2.02
ZMB_TW0016,19,ZMB_TW0016_19,Kalundu,4958,0,1,0,2.02
ZMB_TW0016,20,ZMB_TW0016_20,Kalundu,4958,0,1,0,2.02
ZMB_TW0017,5,ZMB_TW0017_5,Roma,6209,0,0,0,0
ZMB_TW0017,6,ZMB_TW0017_6,Roma,6209,0,0,0,0
ZMB_TW0017,7,ZMB_TW0017_7,Roma,6209,0,0,0,0
ZMB_TW0017,8,ZMB_TW0017_8,Roma,6209,0,0,0,0
ZMB_TW0017,9,ZMB_TW0017_9,Roma,6209,0,0,0,0
ZMB_TW0017,10,ZMB_TW0017_10,Roma,6209,0,0,0,0
ZMB_TW0017,11,ZMB_TW0017_11,Roma,6209,0,0,0,0
ZMB_TW0017,12,ZMB_TW0017_12,Roma,6209,0,0,0,0
ZMB_TW0017,13,ZMB_TW0017_13,Roma,6209,0,0,0,0
ZMB_TW0017,14,ZMB_TW0017_14,Roma,6209,0,0,0,0
ZMB_TW0017,15,ZMB_TW0017_15,Roma,6209,0,0,0,0
ZMB_TW0017,16,ZMB_TW0017_16,Roma,6209,0,0,0,0
ZMB_TW0017,17,ZMB_TW0017_17,Roma,6209,0,0,0,0
ZMB_TW0017,18,ZMB_TW0017_18,Roma,6209,0,0,0,0
ZMB_TW0017,19,ZMB_TW0017_19,Roma,6209,0,0,0,0
ZMB_TW0017,20,ZMB_TW0017_20,Roma,6209,0,0,0,0
ZMB_TW0018,5,ZMB_TW0018_5,Kabanana,16731,0,0,0,0
ZMB_TW0018,6,ZMB_TW0018_6,Kabanana,16731,0,0,0,0
ZMB_TW0018,7,ZMB_TW0018_7,Kabanana,16731,1,1,0.6,0.6
ZMB_TW0018,8,ZMB_TW0018_8,Kabanana,16731,0,1,0,0.6
ZMB_TW0018,9,ZMB_TW0018_9,Kabanana,16731,0,1,0,0.6
ZMB_TW0018,10,ZMB_TW0018_10,Kabanana,16731,0,1,0,0.6
ZMB_TW0018,11,ZMB_TW0018_11,Kabanana,16731,0,1,0,0.6
ZMB_TW0018,12,ZMB_TW0018_12,Kabanana,16731,0,1,0,0.6
ZMB_TW0018,13,ZMB_TW0018_13,Kabanana,16731,0,1,0,0.6
ZMB_TW0018,14,ZMB_TW0018_14,Kabanana,16731,0,1,0,0.6
ZMB_TW0018,15,ZMB_TW0018_15,Kabanana,16731,2,3,1.2,1.79
ZMB_TW0018,16,ZMB_TW0018_16,Kabanana,16731,0,3,0,1.79
ZMB_TW0018,17,ZMB_TW0018_17,Kabanana,16731,0,3,0,1.79
ZMB_TW0018,18,ZMB_TW0018_18,Kabanana,16731,0,3,0,1.79
ZMB_TW0018,19,ZMB_TW0018_19,Kabanana,16731,0,3,0,1.79
ZMB_TW0018,20,ZMB_TW0018_20,Kabanana,16731,0,3,0,1.79
ZMB_TW0019,5,ZMB_TW0019_5,Chipata,96606,0,0,0,0
ZMB_TW0019,6,ZMB_TW0019_6,Chipata,96606,0,0,0,0
ZMB_TW0019,7,ZMB_TW0019_7,Chipata,96606,0,0,0,0
ZMB_TW0019,8,ZMB_TW0019_8,Chipata,96606,0,0,0,0
ZMB_TW0019,9,ZMB_TW0019_9,Chipata,96606,0,0,0,0
ZMB_TW0019,10,ZMB_TW0019_10,Chipata,96606,0,0,0,0
ZMB_TW0019,11,ZMB_TW0019_11,Chipata,96606,0,0,0,0
ZMB_TW0019,12,ZMB_TW0019_12,Chipata,96606,0,0,0,0
ZMB_TW0019,13,ZMB_TW0019_13,Chipata,96606,2,2,0.21,0.21
ZMB_TW0019,14,ZMB_TW0019_14,Chipata,96606,6,8,0.62,0.83
ZMB_TW0019,15,ZMB_TW0019_15,Chipata,96606,5,13,0.52,1.35
ZMB_TW0019,16,ZMB_TW0019_16,Chipata,96606,0,13,0,1.35
ZMB_TW0019,17,ZMB_TW0019_17,Chipata,96606,0,13,0,1.35
ZMB_TW0019,18,ZMB_TW0019_18,Chipata,96606,0,13,0,1.35
ZMB_TW0019,19,ZMB_TW0019_19,Chipata,96606,0,13,0,1.35
ZMB_TW0019,20,ZMB_TW0019_20,Chipata,96606,0,13,0,1.35
ZMB_TW0020,5,ZMB_TW0020_5,Olympia,10188,0,0,0,0
ZMB_TW0020,6,ZMB_TW0020_6,Olympia,10188,0,0,0,0
ZMB_TW0020,7,ZMB_TW0020_7,Olympia,10188,0,0,0,0
ZMB_TW0020,8,ZMB_TW0020_8,Olympia,10188,0,0,0,0
ZMB_TW0020,9,ZMB_TW0020_9,Olympia,10188,0,0,0,0
ZMB_TW0020,10,ZMB_TW0020_10,Olympia,10188,0,0,0,0
ZMB_TW0020,11,ZMB_TW0020_11,Olympia,10188,0,0,0,0
ZMB_TW0020,12,ZMB_TW0020_12,Olympia,10188,0,0,0,0
ZMB_TW0020,13,ZMB_TW0020_13,Olympia,10188,0,0,0,0
ZMB_TW0020,14,ZMB_TW0020_14,Olympia,10188,0,0,0,0
ZMB_TW0020,15,ZMB_TW0020_15,Olympia,10188,0,0,0,0
ZMB_TW0020,16,ZMB_TW0020_16,Olympia,10188,0,0,0,0
ZMB_TW0020,17,ZMB_TW0020_17,Olympia,10188,0,0,0,0
ZMB_TW0020,18,ZMB_TW0020_18,Olympia,10188,0,0,0,0
ZMB_TW0020,19,ZMB_TW0020_19,Olympia,10188,0,0,0,0
ZMB_TW0020,20,ZMB_TW0020_20,Olympia,10188,0,0,0,0
ZMB_TW0021,5,ZMB_TW0021_5,Garden,113318,0,0,0,0
ZMB_TW0021,6,ZMB_TW0021_6,Garden,113318,0,0,0,0
ZMB_TW0021,7,ZMB_TW0021_7,Garden,113318,0,0,0,0
ZMB_TW0021,8,ZMB_TW0021_8,Garden,113318,1,1,0.09,0.09
ZMB_TW0021,9,ZMB_TW0021_9,Garden,113318,0,1,0,0.09
ZMB_TW0021,10,ZMB_TW0021_10,Garden,113318,0,1,0,0.09
ZMB_TW0021,11,ZMB_TW0021_11,Garden,113318,0,1,0,0.09
ZMB_TW0021,12,ZMB_TW0021_12,Garden,113318,0,1,0,0.09
ZMB_TW0021,13,ZMB_TW0021_13,Garden,113318,5,6,0.44,0.53
ZMB_TW0021,14,ZMB_TW0021_14,Garden,113318,5,11,0.44,0.97
ZMB_TW0021,15,ZMB_TW0021_15,Garden,113318,1,12,0.09,1.06
ZMB_TW0021,16,ZMB_TW0021_16,Garden,113318,0,12,0,1.06
ZMB_TW0021,17,ZMB_TW0021_17,Garden,113318,0,12,0,1.06
ZMB_TW0021,18,ZMB_TW0021_18,Garden,113318,0,12,0,1.06
ZMB_TW0021,19,ZMB_TW0021_19,Garden,113318,0,12,0,1.06
ZMB_TW0021,20,ZMB_TW0021_20,Garden,113318,0,12,0,1.06
ZMB_TW0022,5,ZMB_TW0022_5,Mandevu/Marapodi,15930,0,0,0,0
ZMB_TW0022,6,ZMB_TW0022_6,Mandevu/Marapodi,15930,0,0,0,0
ZMB_TW0022,7,ZMB_TW0022_7,Mandevu/Marapodi,15930,0,0,0,0
ZMB_TW0022,8,ZMB_TW0022_8,Mandevu/Marapodi,15930,0,0,0,0
ZMB_TW0022,9,ZMB_TW0022_9,Mandevu/Marapodi,15930,0,0,0,0
ZMB_TW0022,10,ZMB_TW0022_10,Mandevu/Marapodi,15930,0,0,0,0
ZMB_TW0022,11,ZMB_TW0022_11,Mandevu/Marapodi,15930,1,1,0.63,0.63
ZMB_TW0022,12,ZMB_TW0022_12,Mandevu/Marapodi,15930,0,1,0,0.63
ZMB_TW0022,13,ZMB_TW0022_13,Mandevu/Marapodi,15930,0,1,0,0.63
ZMB_TW0022,14,ZMB_TW0022_14,Mandevu/Marapodi,15930,0,1,0,0.63
ZMB_TW0022,15,ZMB_TW0022_15,Mandevu/Marapodi,15930,3,4,1.88,2.51
ZMB_TW0022,16,ZMB_TW0022_16,Mandevu/Marapodi,15930,0,4,0,2.51
ZMB_TW0022,17,ZMB_TW0022_17,Mandevu/Marapodi,15930,0,4,0,2.51
ZMB_TW0022,18,ZMB_TW0022_18,Mandevu/Marapodi,15930,0,4,0,2.51
ZMB_TW0022,19,ZMB_TW0022_19,Mandevu/Marapodi,15930,0,4,0,2.51
ZMB_TW0022,20,ZMB_TW0022_20,Mandevu/Marapodi,15930,0,4,0,2.51
ZMB_TW0023,5,ZMB_TW0023_5,Light Industrial Area,7076,0,0,0,0
ZMB_TW0023,6,ZMB_TW0023_6,Light Industrial Area,7076,0,0,0,0
ZMB_TW0023,7,ZMB_TW0023_7,Light Industrial Area,7076,0,0,0,0
ZMB_TW0023,8,ZMB_TW0023_8,Light Industrial Area,7076,0,0,0,0
ZMB_TW0023,9,ZMB_TW0023_9,Light Industrial Area,7076,0,0,0,0
ZMB_TW0023,10,ZMB_TW0023_10,Light Industrial Area,7076,0,0,0,0
ZMB_TW0023,11,ZMB_TW0023_11,Light Industrial Area,7076,0,0,0,0
ZMB_TW0023,12,ZMB_TW0023_12,Light Industrial Area,7076,0,0,0,0
ZMB_TW0023,13,ZMB_TW0023_13,Light Industrial Area,7076,0,0,0,0
ZMB_TW0023,14,ZMB_TW0023_14,Light Industrial Area,7076,0,0,0,0
ZMB_TW0023,15,ZMB_TW0023_15,Light Industrial Area,7076,0,0,0,0
ZMB_TW0023,16,ZMB_TW0023_16,Light Industrial Area,7076,0,0,0,0
ZMB_TW0023,17,ZMB_TW0023_17,Light Industrial Area,7076,0,0,0,0
ZMB_TW0023,18,ZMB_TW0023_18,Light Industrial Area,7076,0,0,0,0
ZMB_TW0023,19,ZMB_TW0023_19,Light Industrial Area,7076,0,0,0,0
ZMB_TW0023,20,ZMB_TW0023_20,Light Industrial Area,7076,0,0,0,0
ZMB_TW0024,5,ZMB_TW0024_5,Town Centre,2349,0,0,0,0
ZMB_TW0024,6,ZMB_TW0024_6,Town Centre,2349,0,0,0,0
ZMB_TW0024,7,ZMB_TW0024_7,Town Centre,2349,0,0,0,0
ZMB_TW0024,8,ZMB_TW0024_8,Town Centre,2349,0,0,0,0
ZMB_TW0024,9,ZMB_TW0024_9,Town Centre,2349,0,0,0,0
ZMB_TW0024,10,ZMB_TW0024_10,Town Centre,2349,0,0,0,0
ZMB_TW0024,11,ZMB_TW0024_11,Town Centre,2349,0,0,0,0
ZMB_TW0024,12,ZMB_TW0024_12,Town Centre,2349,0,0,0,0
ZMB_TW0024,13,ZMB_TW0024_13,Town Centre,2349,0,0,0,0
ZMB_TW0024,14,ZMB_TW0024_14,Town Centre,2349,0,0,0,0
ZMB_TW0024,15,ZMB_TW0024_15,Town Centre,2349,0,0,0,0
ZMB_TW0024,16,ZMB_TW0024_16,Town Centre,2349,0,0,0,0
ZMB_TW0024,17,ZMB_TW0024_17,Town Centre,2349,0,0,0,0
ZMB_TW0024,18,ZMB_TW0024_18,Town Centre,2349,0,0,0,0
ZMB_TW0024,19,ZMB_TW0024_19,Town Centre,2349,0,0,0,0
ZMB_TW0024,20,ZMB_TW0024_20,Town Centre,2349,0,0,0,0
ZMB_TW0025,5,ZMB_TW0025_5,Thornpark,5339,0,0,0,0
ZMB_TW0025,6,ZMB_TW0025_6,Thornpark,5339,0,0,0,0
ZMB_TW0025,7,ZMB_TW0025_7,Thornpark,5339,0,0,0,0
ZMB_TW0025,8,ZMB_TW0025_8,Thornpark,5339,0,0,0,0
ZMB_TW0025,9,ZMB_TW0025_9,Thornpark,5339,0,0,0,0
ZMB_TW0025,10,ZMB_TW0025_10,Thornpark,5339,0,0,0,0
ZMB_TW0025,11,ZMB_TW0025_11,Thornpark,5339,0,0,0,0
ZMB_TW0025,12,ZMB_TW0025_12,Thornpark,5339,0,0,0,0
ZMB_TW0025,13,ZMB_TW0025_13,Thornpark,5339,0,0,0,0
ZMB_TW0025,14,ZMB_TW0025_14,Thornpark,5339,0,0,0,0
ZMB_TW0025,15,ZMB_TW0025_15,Thornpark,5339,0,0,0,0
ZMB_TW0025,16,ZMB_TW0025_16,Thornpark,5339,0,0,0,0
ZMB_TW0025,17,ZMB_TW0025_17,Thornpark,5339,0,0,0,0
ZMB_TW0025,18,ZMB_TW0025_18,Thornpark,5339,0,0,0,0
ZMB_TW0025,19,ZMB_TW0025_19,Thornpark,5339,0,0,0,0
ZMB_TW0025,20,ZMB_TW0025_20,Thornpark,5339,0,0,0,0
ZMB_TW0026,5,ZMB_TW0026_5,Kamwala,19436,0,0,0,0
ZMB_TW0026,6,ZMB_TW0026_6,Kamwala,19436,0,0,0,0
ZMB_TW0026,7,ZMB_TW0026_7,Kamwala,19436,0,0,0,0
ZMB_TW0026,8,ZMB_TW0026_8,Kamwala,19436,0,0,0,0
ZMB_TW0026,9,ZMB_TW0026_9,Kamwala,19436,0,0,0,0
ZMB_TW0026,10,ZMB_TW0026_10,Kamwala,19436,0,0,0,0
ZMB_TW0026,11,ZMB_TW0026_11,Kamwala,19436,0,0,0,0
ZMB_TW0026,12,ZMB_TW0026_12,Kamwala,19436,5,5,2.57,2.57
ZMB_TW0026,13,ZMB_TW0026_13,Kamwala,19436,1,6,0.51,3.09
ZMB_TW0026,14,ZMB_TW0026_14,Kamwala,19436,2,8,1.03,4.12
ZMB_TW0026,15,ZMB_TW0026_15,Kamwala,19436,2,10,1.03,5.15
ZMB_TW0026,16,ZMB_TW0026_16,Kamwala,19436,0,10,0,5.15
ZMB_TW0026,17,ZMB_TW0026_17,Kamwala,19436,0,10,0,5.15
ZMB_TW0026,18,ZMB_TW0026_18,Kamwala,19436,0,10,0,5.15
ZMB_TW0026,19,ZMB_TW0026_19,Kamwala,19436,0,10,0,5.15
ZMB_TW0026,20,ZMB_TW0026_20,Kamwala,19436,0,10,0,5.15
ZMB_TW0027,5,ZMB_TW0027_5,Kabwata,16913,0,0,0,0
ZMB_TW0027,6,ZMB_TW0027_6,Kabwata,16913,0,0,0,0
ZMB_TW0027,7,ZMB_TW0027_7,Kabwata,16913,0,0,0,0
ZMB_TW0027,8,ZMB_TW0027_8,Kabwata,16913,0,0,0,0
ZMB_TW0027,9,ZMB_TW0027_9,Kabwata,16913,0,0,0,0
ZMB_TW0027,10,ZMB_TW0027_10,Kabwata,16913,0,0,0,0
ZMB_TW0027,11,ZMB_TW0027_11,Kabwata,16913,0,0,0,0
ZMB_TW0027,12,ZMB_TW0027_12,Kabwata,16913,9,9,5.32,5.32
ZMB_TW0027,13,ZMB_TW0027_13,Kabwata,16913,0,9,0,5.32
ZMB_TW0027,14,ZMB_TW0027_14,Kabwata,16913,1,10,0.59,5.91
ZMB_TW0027,15,ZMB_TW0027_15,Kabwata,16913,0,10,0,5.91
ZMB_TW0027,16,ZMB_TW0027_16,Kabwata,16913,0,10,0,5.91
ZMB_TW0027,17,ZMB_TW0027_17,Kabwata,16913,0,10,0,5.91
ZMB_TW0027,18,ZMB_TW0027_18,Kabwata,16913,0,10,0,5.91
ZMB_TW0027,19,ZMB_TW0027_19,Kabwata,16913,0,10,0,5.91
ZMB_TW0027,20,ZMB_TW0027_20,Kabwata,16913,0,10,0,5.91
ZMB_TW0028,5,ZMB_TW0028_5,New Kabwata,13459,0,0,0,0
ZMB_TW0028,6,ZMB_TW0028_6,New Kabwata,13459,0,0,0,0
ZMB_TW0028,7,ZMB_TW0028_7,New Kabwata,13459,0,0,0,0
ZMB_TW0028,8,ZMB_TW0028_8,New Kabwata,13459,0,0,0,0
ZMB_TW0028,9,ZMB_TW0028_9,New Kabwata,13459,0,0,0,0
ZMB_TW0028,10,ZMB_TW0028_10,New Kabwata,13459,0,0,0,0
ZMB_TW0028,11,ZMB_TW0028_11,New Kabwata,13459,0,0,0,0
ZMB_TW0028,12,ZMB_TW0028_12,New Kabwata,13459,0,0,0,0
ZMB_TW0028,13,ZMB_TW0028_13,New Kabwata,13459,0,0,0,0
ZMB_TW0028,14,ZMB_TW0028_14,New Kabwata,13459,0,0,0,0
ZMB_TW0028,15,ZMB_TW0028_15,New Kabwata,13459,0,0,0,0
ZMB_TW0028,16,ZMB_TW0028_16,New Kabwata,13459,0,0,0,0
ZMB_TW0028,17,ZMB_TW0028_17,New Kabwata,13459,0,0,0,0
ZMB_TW0028,18,ZMB_TW0028_18,New Kabwata,13459,0,0,0,0
ZMB_TW0028,19,ZMB_TW0028_19,New Kabwata,13459,0,0,0,0
ZMB_TW0028,20,ZMB_TW0028_20,New Kabwata,13459,0,0,0,0
ZMB_TW0029,5,ZMB_TW0029_5,Old Kanyama,97761,0,0,0,0
ZMB_TW0029,6,ZMB_TW0029_6,Old Kanyama,97761,2,2,0.2,0.2
ZMB_TW0029,7,ZMB_TW0029_7,Old Kanyama,97761,2,4,0.2,0.41
ZMB_TW0029,8,ZMB_TW0029_8,Old Kanyama,97761,4,8,0.41,0.82
ZMB_TW0029,9,ZMB_TW0029_9,Old Kanyama,97761,3,11,0.31,1.13
ZMB_TW0029,10,ZMB_TW0029_10,Old Kanyama,97761,0,11,0,1.13
ZMB_TW0029,11,ZMB_TW0029_11,Old Kanyama,97761,0,11,0,1.13
ZMB_TW0029,12,ZMB_TW0029_12,Old Kanyama,97761,6,17,0.61,1.74
ZMB_TW0029,13,ZMB_TW0029_13,Old Kanyama,97761,6,23,0.61,2.35
ZMB_TW0029,14,ZMB_TW0029_14,Old Kanyama,97761,4,27,0.41,2.76
ZMB_TW0029,15,ZMB_TW0029_15,Old Kanyama,97761,19,46,1.94,4.71
ZMB_TW0029,16,ZMB_TW0029_16,Old Kanyama,97761,7,53,0.72,5.42
ZMB_TW0029,17,ZMB_TW0029_17,Old Kanyama,97761,0,53,0,5.42
ZMB_TW0029,18,ZMB_TW0029_18,Old Kanyama,97761,0,53,0,5.42
ZMB_TW0029,19,ZMB_TW0029_19,Old Kanyama,97761,0,53,0,5.42
ZMB_TW0029,20,ZMB_TW0029_20,Old Kanyama,97761,0,53,0,5.42
ZMB_TW0030,5,ZMB_TW0030_5,Libala,9577,0,0,0,0
ZMB_TW0030,6,ZMB_TW0030_6,Libala,9577,0,0,0,0
ZMB_TW0030,7,ZMB_TW0030_7,Libala,9577,0,0,0,0
ZMB_TW0030,8,ZMB_TW0030_8,Libala,9577,0,0,0,0
ZMB_TW0030,9,ZMB_TW0030_9,Libala,9577,1,1,1.04,1.04
ZMB_TW0030,10,ZMB_TW0030_10,Libala,9577,0,1,0,1.04
ZMB_TW0030,11,ZMB_TW0030_11,Libala,9577,0,1,0,1.04
ZMB_TW0030,12,ZMB_TW0030_12,Libala,9577,6,7,6.27,7.31
ZMB_TW0030,13,ZMB_TW0030_13,Libala,9577,1,8,1.04,8.35
ZMB_TW0030,14,ZMB_TW0030_14,Libala,9577,0,8,0,8.35
ZMB_TW0030,15,ZMB_TW0030_15,Libala,9577,3,11,3.13,11.49
ZMB_TW0030,16,ZMB_TW0030_16,Libala,9577,0,11,0,11.49
ZMB_TW0030,17,ZMB_TW0030_17,Libala,9577,0,11,0,11.49
ZMB_TW0030,18,ZMB_TW0030_18,Libala,9577,0,11,0,11.49
ZMB_TW0030,19,ZMB_TW0030_19,Libala,9577,0,11,0,11.49
ZMB_TW0030,20,ZMB_TW0030_20,Libala,9577,0,11,0,11.49
ZMB_TW0031,5,ZMB_TW0031_5,Chaisa,48462,0,0,0,0
ZMB_TW0031,6,ZMB_TW0031_6,Chaisa,48462,0,0,0,0
ZMB_TW0031,7,ZMB_TW0031_7,Chaisa,48462,0,0,0,0
ZMB_TW0031,8,ZMB_TW0031_8,Chaisa,48462,0,0,0,0
ZMB_TW0031,9,ZMB_TW0031_9,Chaisa,48462,0,0,0,0
ZMB_TW0031,10,ZMB_TW0031_10,Chaisa,48462,0,0,0,0
ZMB_TW0031,11,ZMB_TW0031_11,Chaisa,48462,0,0,0,0
ZMB_TW0031,12,ZMB_TW0031_12,Chaisa,48462,0,0,0,0
ZMB_TW0031,13,ZMB_TW0031_13,Chaisa,48462,1,1,0.21,0.21
ZMB_TW0031,14,ZMB_TW0031_14,Chaisa,48462,4,5,0.83,1.03
ZMB_TW0031,15,ZMB_TW0031_15,Chaisa,48462,11,16,2.27,3.3
ZMB_TW0031,16,ZMB_TW0031_16,Chaisa,48462,3,19,0.62,3.92
ZMB_TW0031,17,ZMB_TW0031_17,Chaisa,48462,0,19,0,3.92
ZMB_TW0031,18,ZMB_TW0031_18,Chaisa,48462,0,19,0,3.92
ZMB_TW0031,19,ZMB_TW0031_19,Chaisa,48462,0,19,0,3.92
ZMB_TW0031,20,ZMB_TW0031_20,Chaisa,48462,0,19,0,3.92
ZMB_TW0032,5,ZMB_TW0032_5,Northmead,9916,0,0,0,0
ZMB_TW0032,6,ZMB_TW0032_6,Northmead,9916,0,0,0,0
ZMB_TW0032,7,ZMB_TW0032_7,Northmead,9916,0,0,0,0
ZMB_TW0032,8,ZMB_TW0032_8,Northmead,9916,0,0,0,0
ZMB_TW0032,9,ZMB_TW0032_9,Northmead,9916,0,0,0,0
ZMB_TW0032,10,ZMB_TW0032_10,Northmead,9916,0,0,0,0
ZMB_TW0032,11,ZMB_TW0032_11,Northmead,9916,0,0,0,0
ZMB_TW0032,12,ZMB_TW0032_12,Northmead,9916,0,0,0,0
ZMB_TW0032,13,ZMB_TW0032_13,Northmead,9916,0,0,0,0
ZMB_TW0032,14,ZMB_TW0032_14,Northmead,9916,0,0,0,0
ZMB_TW0032,15,ZMB_TW0032_15,Northmead,9916,0,0,0,0
ZMB_TW0032,16,ZMB_TW0032_16,Northmead,9916,0,0,0,0
ZMB_TW0032,17,ZMB_TW0032_17,Northmead,9916,0,0,0,0
ZMB_TW0032,18,ZMB_TW0032_18,Northmead,9916,0,0,0,0
ZMB_TW0032,19,ZMB_TW0032_19,Northmead,9916,0,0,0,0
ZMB_TW0032,20,ZMB_TW0032_20,Northmead,9916,0,0,0,0
ZMB_TW0033,5,ZMB_TW0033_5,Rhodes Park,11072,0,0,0,0
ZMB_TW0033,6,ZMB_TW0033_6,Rhodes Park,11072,0,0,0,0
ZMB_TW0033,7,ZMB_TW0033_7,Rhodes Park,11072,0,0,0,0
ZMB_TW0033,8,ZMB_TW0033_8,Rhodes Park,11072,0,0,0,0
ZMB_TW0033,9,ZMB_TW0033_9,Rhodes Park,11072,0,0,0,0
ZMB_TW0033,10,ZMB_TW0033_10,Rhodes Park,11072,0,0,0,0
ZMB_TW0033,11,ZMB_TW0033_11,Rhodes Park,11072,0,0,0,0
ZMB_TW0033,12,ZMB_TW0033_12,Rhodes Park,11072,0,0,0,0
ZMB_TW0033,13,ZMB_TW0033_13,Rhodes Park,11072,0,0,0,0
ZMB_TW0033,14,ZMB_TW0033_14,Rhodes Park,11072,0,0,0,0
ZMB_TW0033,15,ZMB_TW0033_15,Rhodes Park,11072,0,0,0,0
ZMB_TW0033,16,ZMB_TW0033_16,Rhodes Park,11072,0,0,0,0
ZMB_TW0033,17,ZMB_TW0033_17,Rhodes Park,11072,0,0,0,0
ZMB_TW0033,18,ZMB_TW0033_18,Rhodes Park,11072,0,0,0,0
ZMB_TW0033,19,ZMB_TW0033_19,Rhodes Park,11072,0,0,0,0
ZMB_TW0033,20,ZMB_TW0033_20,Rhodes Park,11072,0,0,0,0
ZMB_TW0035,5,ZMB_TW0035_5,Chilenje,42400,0,0,0,0
ZMB_TW0035,6,ZMB_TW0035_6,Chilenje,42400,0,0,0,0
ZMB_TW0035,7,ZMB_TW0035_7,Chilenje,42400,0,0,0,0
ZMB_TW0035,8,ZMB_TW0035_8,Chilenje,42400,0,0,0,0
ZMB_TW0035,9,ZMB_TW0035_9,Chilenje,42400,2,2,0.47,0.47
ZMB_TW0035,10,ZMB_TW0035_10,Chilenje,42400,0,2,0,0.47
ZMB_TW0035,11,ZMB_TW0035_11,Chilenje,42400,1,3,0.24,0.71
ZMB_TW0035,12,ZMB_TW0035_12,Chilenje,42400,3,6,0.71,1.42
ZMB_TW0035,13,ZMB_TW0035_13,Chilenje,42400,0,6,0,1.42
ZMB_TW0035,14,ZMB_TW0035_14,Chilenje,42400,1,7,0.24,1.65
ZMB_TW0035,15,ZMB_TW0035_15,Chilenje,42400,2,9,0.47,2.12
ZMB_TW0035,16,ZMB_TW0035_16,Chilenje,42400,0,9,0,2.12
ZMB_TW0035,17,ZMB_TW0035_17,Chilenje,42400,0,9,0,2.12
ZMB_TW0035,18,ZMB_TW0035_18,Chilenje,42400,0,9,0,2.12
ZMB_TW0035,19,ZMB_TW0035_19,Chilenje,42400,0,9,0,2.12
ZMB_TW0035,20,ZMB_TW0035_20,Chilenje,42400,0,9,0,2.12
ZMB_TW0036,5,ZMB_TW0036_5,Woodlands Extension,6826,0,0,0,0
ZMB_TW0036,6,ZMB_TW0036_6,Woodlands Extension,6826,0,0,0,0
ZMB_TW0036,7,ZMB_TW0036_7,Woodlands Extension,6826,0,0,0,0
ZMB_TW0036,8,ZMB_TW0036_8,Woodlands Extension,6826,0,0,0,0
ZMB_TW0036,9,ZMB_TW0036_9,Woodlands Extension,6826,0,0,0,0
ZMB_TW0036,10,ZMB_TW0036_10,Woodlands Extension,6826,0,0,0,0
ZMB_TW0036,11,ZMB_TW0036_11,Woodlands Extension,6826,0,0,0,0
ZMB_TW0036,12,ZMB_TW0036_12,Woodlands Extension,6826,0,0,0,0
ZMB_TW0036,13,ZMB_TW0036_13,Woodlands Extension,6826,0,0,0,0
ZMB_TW0036,14,ZMB_TW0036_14,Woodlands Extension,6826,0,0,0,0
ZMB_TW0036,15,ZMB_TW0036_15,Woodlands Extension,6826,0,0,0,0
ZMB_TW0036,16,ZMB_TW0036_16,Woodlands Extension,6826,0,0,0,0
ZMB_TW0036,17,ZMB_TW0036_17,Woodlands Extension,6826,0,0,0,0
ZMB_TW0036,18,ZMB_TW0036_18,Woodlands Extension,6826,0,0,0,0
ZMB_TW0036,19,ZMB_TW0036_19,Woodlands Extension,6826,0,0,0,0
ZMB_TW0036,20,ZMB_TW0036_20,Woodlands Extension,6826,0,0,0,0
ZMB_TW0037,5,ZMB_TW0037_5,Woodlands,11171,0,0,0,0
ZMB_TW0037,6,ZMB_TW0037_6,Woodlands,11171,0,0,0,0
ZMB_TW0037,7,ZMB_TW0037_7,Woodlands,11171,0,0,0,0
ZMB_TW0037,8,ZMB_TW0037_8,Woodlands,11171,0,0,0,0
ZMB_TW0037,9,ZMB_TW0037_9,Woodlands,11171,0,0,0,0
ZMB_TW0037,10,ZMB_TW0037_10,Woodlands,11171,0,0,0,0
ZMB_TW0037,11,ZMB_TW0037_11,Woodlands,11171,1,1,0.9,0.9
ZMB_TW0037,12,ZMB_TW0037_12,Woodlands,11171,0,1,0,0.9
ZMB_TW0037,13,ZMB_TW0037_13,Woodlands,11171,0,1,0,0.9
ZMB_TW0037,14,ZMB_TW0037_14,Woodlands,11171,0,1,0,0.9
ZMB_TW0037,15,ZMB_TW0037_15,Woodlands,11171,0,1,0,0.9
ZMB_TW0037,16,ZMB_TW0037_16,Woodlands,11171,0,1,0,0.9
ZMB_TW0037,17,ZMB_TW0037_17,Woodlands,11171,0,1,0,0.9
ZMB_TW0037,18,ZMB_TW0037_18,Woodlands,11171,0,1,0,0.9
ZMB_TW0037,19,ZMB_TW0037_19,Woodlands,11171,0,1,0,0.9
ZMB_TW0037,20,ZMB_TW0037_20,Woodlands,11171,0,1,0,0.9
ZMB_TW0038,5,ZMB_TW0038_5,S. House,4510,0,0,0,0
ZMB_TW0038,6,ZMB_TW0038_6,S. House,4510,0,0,0,0
ZMB_TW0038,7,ZMB_TW0038_7,S. House,4510,0,0,0,0
ZMB_TW0038,8,ZMB_TW0038_8,S. House,4510,0,0,0,0
ZMB_TW0038,9,ZMB_TW0038_9,S. House,4510,0,0,0,0
ZMB_TW0038,10,ZMB_TW0038_10,S. House,4510,0,0,0,0
ZMB_TW0038,11,ZMB_TW0038_11,S. House,4510,0,0,0,0
ZMB_TW0038,12,ZMB_TW0038_12,S. House,4510,0,0,0,0
ZMB_TW0038,13,ZMB_TW0038_13,S. House,4510,0,0,0,0
ZMB_TW0038,14,ZMB_TW0038_14,S. House,4510,0,0,0,0
ZMB_TW0038,15,ZMB_TW0038_15,S. House,4510,0,0,0,0
ZMB_TW0038,16,ZMB_TW0038_16,S. House,4510,0,0,0,0
ZMB_TW0038,17,ZMB_TW0038_17,S. House,4510,0,0,0,0
ZMB_TW0038,18,ZMB_TW0038_18,S. House,4510,0,0,0,0
ZMB_TW0038,19,ZMB_TW0038_19,S. House,4510,0,0,0,0
ZMB_TW0038,20,ZMB_TW0038_20,S. House,4510,0,0,0,0
ZMB_TW0040,5,ZMB_TW0040_5,U.T.H,6409,0,0,0,0
ZMB_TW0040,6,ZMB_TW0040_6,U.T.H,6409,0,0,0,0
ZMB_TW0040,7,ZMB_TW0040_7,U.T.H,6409,0,0,0,0
ZMB_TW0040,8,ZMB_TW0040_8,U.T.H,6409,0,0,0,0
ZMB_TW0040,9,ZMB_TW0040_9,U.T.H,6409,0,0,0,0
ZMB_TW0040,10,ZMB_TW0040_10,U.T.H,6409,0,0,0,0
ZMB_TW0040,11,ZMB_TW0040_11,U.T.H,6409,0,0,0,0
ZMB_TW0040,12,ZMB_TW0040_12,U.T.H,6409,0,0,0,0
ZMB_TW0040,13,ZMB_TW0040_13,U.T.H,6409,0,0,0,0
ZMB_TW0040,14,ZMB_TW0040_14,U.T.H,6409,0,0,0,0
ZMB_TW0040,15,ZMB_TW0040_15,U.T.H,6409,0,0,0,0
ZMB_TW0040,16,ZMB_TW0040_16,U.T.H,6409,0,0,0,0
ZMB_TW0040,17,ZMB_TW0040_17,U.T.H,6409,0,0,0,0
ZMB_TW0040,18,ZMB_TW0040_18,U.T.H,6409,0,0,0,0
ZMB_TW0040,19,ZMB_TW0040_19,U.T.H,6409,0,0,0,0
ZMB_TW0040,20,ZMB_TW0040_20,U.T.H,6409,0,0,0,0
ZMB_TW0041,5,ZMB_TW0041_5,Ridgeway,18728,0,0,0,0
ZMB_TW0041,6,ZMB_TW0041_6,Ridgeway,18728,0,0,0,0
ZMB_TW0041,7,ZMB_TW0041_7,Ridgeway,18728,0,0,0,0
ZMB_TW0041,8,ZMB_TW0041_8,Ridgeway,18728,0,0,0,0
ZMB_TW0041,9,ZMB_TW0041_9,Ridgeway,18728,0,0,0,0
ZMB_TW0041,10,ZMB_TW0041_10,Ridgeway,18728,0,0,0,0
ZMB_TW0041,11,ZMB_TW0041_11,Ridgeway,18728,0,0,0,0
ZMB_TW0041,12,ZMB_TW0041_12,Ridgeway,18728,0,0,0,0
ZMB_TW0041,13,ZMB_TW0041_13,Ridgeway,18728,0,0,0,0
ZMB_TW0041,14,ZMB_TW0041_14,Ridgeway,18728,0,0,0,0
ZMB_TW0041,15,ZMB_TW0041_15,Ridgeway,18728,0,0,0,0
ZMB_TW0041,16,ZMB_TW0041_16,Ridgeway,18728,0,0,0,0
ZMB_TW0041,17,ZMB_TW0041_17,Ridgeway,18728,0,0,0,0
ZMB_TW0041,18,ZMB_TW0041_18,Ridgeway,18728,0,0,0,0
ZMB_TW0041,19,ZMB_TW0041_19,Ridgeway,18728,0,0,0,0
ZMB_TW0041,20,ZMB_TW0041_20,Ridgeway,18728,0,0,0,0
ZMB_TW0042,5,ZMB_TW0042_5,University of Zambia,0,0,0,0,0
ZMB_TW0042,6,ZMB_TW0042_6,University of Zambia,0,0,0,0,0
ZMB_TW0042,7,ZMB_TW0042_7,University of Zambia,0,0,0,0,0
ZMB_TW0042,8,ZMB_TW0042_8,University of Zambia,0,0,0,0,0
ZMB_TW0042,9,ZMB_TW0042_9,University of Zambia,0,0,0,0,0
ZMB_TW0042,10,ZMB_TW0042_10,University of Zambia,0,0,0,0,0
ZMB_TW0042,11,ZMB_TW0042_11,University of Zambia,0,0,0,0,0
ZMB_TW0042,12,ZMB_TW0042_12,University of Zambia,0,0,0,0,0
ZMB_TW0042,13,ZMB_TW0042_13,University of Zambia,0,0,0,0,0
ZMB_TW0042,14,ZMB_TW0042_14,University of Zambia,0,0,0,0,0
ZMB_TW0042,15,ZMB_TW0042_15,University of Zambia,0,0,0,0,0
ZMB_TW0042,16,ZMB_TW0042_16,University of Zambia,0,0,0,0,0
ZMB_TW0042,17,ZMB_TW0042_17,University of Zambia,0,0,0,0,0
ZMB_TW0042,18,ZMB_TW0042_18,University of Zambia,0,0,0,0,0
ZMB_TW0042,19,ZMB_TW0042_19,University of Zambia,0,0,0,0,0
ZMB_TW0042,20,ZMB_TW0042_20,University of Zambia,0,0,0,0,0
ZMB_TW0043,5,ZMB_TW0043_5,Chainda Compound,16406,0,0,0,0
ZMB_TW0043,6,ZMB_TW0043_6,Chainda Compound,16406,0,0,0,0
ZMB_TW0043,7,ZMB_TW0043_7,Chainda Compound,16406,0,0,0,0
ZMB_TW0043,8,ZMB_TW0043_8,Chainda Compound,16406,0,0,0,0
ZMB_TW0043,9,ZMB_TW0043_9,Chainda Compound,16406,0,0,0,0
ZMB_TW0043,10,ZMB_TW0043_10,Chainda Compound,16406,1,1,0.61,0.61
ZMB_TW0043,11,ZMB_TW0043_11,Chainda Compound,16406,2,3,1.22,1.83
ZMB_TW0043,12,ZMB_TW0043_12,Chainda Compound,16406,1,4,0.61,2.44
ZMB_TW0043,13,ZMB_TW0043_13,Chainda Compound,16406,0,4,0,2.44
ZMB_TW0043,14,ZMB_TW0043_14,Chainda Compound,16406,0,4,0,2.44
ZMB_TW0043,15,ZMB_TW0043_15,Chainda Compound,16406,0,4,0,2.44
ZMB_TW0043,16,ZMB_TW0043_16,Chainda Compound,16406,0,4,0,2.44
ZMB_TW0043,17,ZMB_TW0043_17,Chainda Compound,16406,0,4,0,2.44
ZMB_TW0043,18,ZMB_TW0043_18,Chainda Compound,16406,0,4,0,2.44
ZMB_TW0043,19,ZMB_TW0043_19,Chainda Compound,16406,0,4,0,2.44
ZMB_TW0043,20,ZMB_TW0043_20,Chainda Compound,16406,0,4,0,2.44
ZMB_TW0044,5,ZMB_TW0044_5,Desai,20042,0,0,0,0
ZMB_TW0044,6,ZMB_TW0044_6,Desai,20042,0,0,0,0
ZMB_TW0044,7,ZMB_TW0044_7,Desai,20042,0,0,0,0
ZMB_TW0044,8,ZMB_TW0044_8,Desai,20042,0,0,0,0
ZMB_TW0044,9,ZMB_TW0044_9,Desai,20042,0,0,0,0
ZMB_TW0044,10,ZMB_TW0044_10,Desai,20042,0,0,0,0
ZMB_TW0044,11,ZMB_TW0044_11,Desai,20042,0,0,0,0
ZMB_TW0044,12,ZMB_TW0044_12,Desai,20042,0,0,0,0
ZMB_TW0044,13,ZMB_TW0044_13,Desai,20042,1,1,0.5,0.5
ZMB_TW0044,14,ZMB_TW0044_14,Desai,20042,0,1,0,0.5
ZMB_TW0044,15,ZMB_TW0044_15,Desai,20042,0,1,0,0.5
ZMB_TW0044,16,ZMB_TW0044_16,Desai,20042,1,2,0.5,1
ZMB_TW0044,17,ZMB_TW0044_17,Desai,20042,0,2,0,1
ZMB_TW0044,18,ZMB_TW0044_18,Desai,20042,0,2,0,1
ZMB_TW0044,19,ZMB_TW0044_19,Desai,20042,0,2,0,1
ZMB_TW0044,20,ZMB_TW0044_20,Desai,20042,0,2,0,1
ZMB_TW0045,5,ZMB_TW0045_5,Lilanda,57998,0,0,0,0
ZMB_TW0045,6,ZMB_TW0045_6,Lilanda,57998,0,0,0,0
ZMB_TW0045,7,ZMB_TW0045_7,Lilanda,57998,0,0,0,0
ZMB_TW0045,8,ZMB_TW0045_8,Lilanda,57998,0,0,0,0
ZMB_TW0045,9,ZMB_TW0045_9,Lilanda,57998,0,0,0,0
ZMB_TW0045,10,ZMB_TW0045_10,Lilanda,57998,0,0,0,0
ZMB_TW0045,11,ZMB_TW0045_11,Lilanda,57998,0,0,0,0
ZMB_TW0045,12,ZMB_TW0045_12,Lilanda,57998,0,0,0,0
ZMB_TW0045,13,ZMB_TW0045_13,Lilanda,57998,2,2,0.34,0.34
ZMB_TW0045,14,ZMB_TW0045_14,Lilanda,57998,0,2,0,0.34
ZMB_TW0045,15,ZMB_TW0045_15,Lilanda,57998,2,4,0.34,0.69
ZMB_TW0045,16,ZMB_TW0045_16,Lilanda,57998,1,5,0.17,0.86
ZMB_TW0045,17,ZMB_TW0045_17,Lilanda,57998,0,5,0,0.86
ZMB_TW0045,18,ZMB_TW0045_18,Lilanda,57998,0,5,0,0.86
ZMB_TW0045,19,ZMB_TW0045_19,Lilanda,57998,0,5,0,0.86
ZMB_TW0045,20,ZMB_TW0045_20,Lilanda,57998,0,5,0,0.86
ZMB_TW0046,5,ZMB_TW0046_5,Chunga,12440,0,0,0,0
ZMB_TW0046,6,ZMB_TW0046_6,Chunga,12440,0,0,0,0
ZMB_TW0046,7,ZMB_TW0046_7,Chunga,12440,0,0,0,0
ZMB_TW0046,8,ZMB_TW0046_8,Chunga,12440,0,0,0,0
ZMB_TW0046,9,ZMB_TW0046_9,Chunga,12440,0,0,0,0
ZMB_TW0046,10,ZMB_TW0046_10,Chunga,12440,0,0,0,0
ZMB_TW0046,11,ZMB_TW0046_11,Chunga,12440,0,0,0,0
ZMB_TW0046,12,ZMB_TW0046_12,Chunga,12440,0,0,0,0
ZMB_TW0046,13,ZMB_TW0046_13,Chunga,12440,1,1,0.8,0.8
ZMB_TW0046,14,ZMB_TW0046_14,Chunga,12440,0,1,0,0.8
ZMB_TW0046,15,ZMB_TW0046_15,Chunga,12440,0,1,0,0.8
ZMB_TW0046,16,ZMB_TW0046_16,Chunga,12440,0,1,0,0.8
ZMB_TW0046,17,ZMB_TW0046_17,Chunga,12440,0,1,0,0.8
ZMB_TW0046,18,ZMB_TW0046_18,Chunga,12440,0,1,0,0.8
ZMB_TW0046,19,ZMB_TW0046_19,Chunga,12440,0,1,0,0.8
ZMB_TW0046,20,ZMB_TW0046_20,Chunga,12440,0,1,0,0.8
ZMB_TW0047,5,ZMB_TW0047_5,Matero,31154,0,0,0,0
ZMB_TW0047,6,ZMB_TW0047_6,Matero,31154,0,0,0,0
ZMB_TW0047,7,ZMB_TW0047_7,Matero,31154,0,0,0,0
ZMB_TW0047,8,ZMB_TW0047_8,Matero,31154,0,0,0,0
ZMB_TW0047,9,ZMB_TW0047_9,Matero,31154,0,0,0,0
ZMB_TW0047,10,ZMB_TW0047_10,Matero,31154,0,0,0,0
ZMB_TW0047,11,ZMB_TW0047_11,Matero,31154,0,0,0,0
ZMB_TW0047,12,ZMB_TW0047_12,Matero,31154,0,0,0,0
ZMB_TW0047,13,ZMB_TW0047_13,Matero,31154,0,0,0,0
ZMB_TW0047,14,ZMB_TW0047_14,Matero,31154,1,1,0.32,0.32
ZMB_TW0047,15,ZMB_TW0047_15,Matero,31154,1,2,0.32,0.64
ZMB_TW0047,16,ZMB_TW0047_16,Matero,31154,0,2,0,0.64
ZMB_TW0047,17,ZMB_TW0047_17,Matero,31154,0,2,0,0.64
ZMB_TW0047,18,ZMB_TW0047_18,Matero,31154,0,2,0,0.64
ZMB_TW0047,19,ZMB_TW0047_19,Matero,31154,0,2,0,0.64
ZMB_TW0047,20,ZMB_TW0047_20,Matero,31154,0,2,0,0.64
ZMB_TW0048,5,ZMB_TW0048_5,Emmasdale/Villa Ellizabetha,16446,0,0,0,0
ZMB_TW0048,6,ZMB_TW0048_6,Emmasdale/Villa Ellizabetha,16446,0,0,0,0
ZMB_TW0048,7,ZMB_TW0048_7,Emmasdale/Villa Ellizabetha,16446,0,0,0,0
ZMB_TW0048,8,ZMB_TW0048_8,Emmasdale/Villa Ellizabetha,16446,0,0,0,0
ZMB_TW0048,9,ZMB_TW0048_9,Emmasdale/Villa Ellizabetha,16446,0,0,0,0
ZMB_TW0048,10,ZMB_TW0048_10,Emmasdale/Villa Ellizabetha,16446,0,0,0,0
ZMB_TW0048,11,ZMB_TW0048_11,Emmasdale/Villa Ellizabetha,16446,0,0,0,0
ZMB_TW0048,12,ZMB_TW0048_12,Emmasdale/Villa Ellizabetha,16446,0,0,0,0
ZMB_TW0048,13,ZMB_TW0048_13,Emmasdale/Villa Ellizabetha,16446,0,0,0,0
ZMB_TW0048,14,ZMB_TW0048_14,Emmasdale/Villa Ellizabetha,16446,0,0,0,0
ZMB_TW0048,15,ZMB_TW0048_15,Emmasdale/Villa Ellizabetha,16446,0,0,0,0
ZMB_TW0048,16,ZMB_TW0048_16,Emmasdale/Villa Ellizabetha,16446,0,0,0,0
ZMB_TW0048,17,ZMB_TW0048_17,Emmasdale/Villa Ellizabetha,16446,0,0,0,0
ZMB_TW0048,18,ZMB_TW0048_18,Emmasdale/Villa Ellizabetha,16446,0,0,0,0
ZMB_TW0048,19,ZMB_TW0048_19,Emmasdale/Villa Ellizabetha,16446,0,0,0,0
ZMB_TW0048,20,ZMB_TW0048_20,Emmasdale/Villa Ellizabetha,16446,0,0,0,0
ZMB_TW0049,5,ZMB_TW0049_5,Industrial Area,2977,0,0,0,0
ZMB_TW0049,6,ZMB_TW0049_6,Industrial Area,2977,0,0,0,0
ZMB_TW0049,7,ZMB_TW0049_7,Industrial Area,2977,0,0,0,0
ZMB_TW0049,8,ZMB_TW0049_8,Industrial Area,2977,0,0,0,0
ZMB_TW0049,9,ZMB_TW0049_9,Industrial Area,2977,0,0,0,0
ZMB_TW0049,10,ZMB_TW0049_10,Industrial Area,2977,0,0,0,0
ZMB_TW0049,11,ZMB_TW0049_11,Industrial Area,2977,0,0,0,0
ZMB_TW0049,12,ZMB_TW0049_12,Industrial Area,2977,0,0,0,0
ZMB_TW0049,13,ZMB_TW0049_13,Industrial Area,2977,0,0,0,0
ZMB_TW0049,14,ZMB_TW0049_14,Industrial Area,2977,0,0,0,0
ZMB_TW0049,15,ZMB_TW0049_15,Industrial Area,2977,0,0,0,0
ZMB_TW0049,16,ZMB_TW0049_16,Industrial Area,2977,0,0,0,0
ZMB_TW0049,17,ZMB_TW0049_17,Industrial Area,2977,0,0,0,0
ZMB_TW0049,18,ZMB_TW0049_18,Industrial Area,2977,0,0,0,0
ZMB_TW0049,19,ZMB_TW0049_19,Industrial Area,2977,0,0,0,0
ZMB_TW0049,20,ZMB_TW0049_20,Industrial Area,2977,0,0,0,0
ZMB_TW0050,5,ZMB_TW0050_5,New Kanyama,34313,0,0,0,0
ZMB_TW0050,6,ZMB_TW0050_6,New Kanyama,34313,2,2,0.58,0.58
ZMB_TW0050,7,ZMB_TW0050_7,New Kanyama,34313,3,5,0.87,1.46
ZMB_TW0050,8,ZMB_TW0050_8,New Kanyama,34313,1,6,0.29,1.75
ZMB_TW0050,9,ZMB_TW0050_9,New Kanyama,34313,0,6,0,1.75
ZMB_TW0050,10,ZMB_TW0050_10,New Kanyama,34313,0,6,0,1.75
ZMB_TW0050,11,ZMB_TW0050_11,New Kanyama,34313,1,7,0.29,2.04
ZMB_TW0050,12,ZMB_TW0050_12,New Kanyama,34313,0,7,0,2.04
ZMB_TW0050,13,ZMB_TW0050_13,New Kanyama,34313,3,10,0.87,2.91
ZMB_TW0050,14,ZMB_TW0050_14,New Kanyama,34313,0,10,0,2.91
ZMB_TW0050,15,ZMB_TW0050_15,New Kanyama,34313,4,14,1.17,4.08
ZMB_TW0050,16,ZMB_TW0050_16,New Kanyama,34313,1,15,0.29,4.37
ZMB_TW0050,17,ZMB_TW0050_17,New Kanyama,34313,0,15,0,4.37
ZMB_TW0050,18,ZMB_TW0050_18,New Kanyama,34313,0,15,0,4.37
ZMB_TW0050,19,ZMB_TW0050_19,New Kanyama,34313,0,15,0,4.37
ZMB_TW0050,20,ZMB_TW0050_20,New Kanyama,34313,0,15,0,4.37
ZMB_TW0051,5,ZMB_TW0051_5,John Laing,60519,0,0,0,0
ZMB_TW0051,6,ZMB_TW0051_6,John Laing,60519,0,0,0,0
ZMB_TW0051,7,ZMB_TW0051_7,John Laing,60519,4,4,0.66,0.66
ZMB_TW0051,8,ZMB_TW0051_8,John Laing,60519,1,5,0.17,0.83
ZMB_TW0051,9,ZMB_TW0051_9,John Laing,60519,0,5,0,0.83
ZMB_TW0051,10,ZMB_TW0051_10,John Laing,60519,1,6,0.17,0.99
ZMB_TW0051,11,ZMB_TW0051_11,John Laing,60519,2,8,0.33,1.32
ZMB_TW0051,12,ZMB_TW0051_12,John Laing,60519,1,9,0.17,1.49
ZMB_TW0051,13,ZMB_TW0051_13,John Laing,60519,17,26,2.81,4.3
ZMB_TW0051,14,ZMB_TW0051_14,John Laing,60519,5,31,0.83,5.12
ZMB_TW0051,15,ZMB_TW0051_15,John Laing,60519,26,57,4.3,9.42
ZMB_TW0051,16,ZMB_TW0051_16,John Laing,60519,10,67,1.65,11.07
ZMB_TW0051,17,ZMB_TW0051_17,John Laing,60519,0,67,0,11.07
ZMB_TW0051,18,ZMB_TW0051_18,John Laing,60519,0,67,0,11.07
ZMB_TW0051,19,ZMB_TW0051_19,John Laing,60519,0,67,0,11.07
ZMB_TW0051,20,ZMB_TW0051_20,John Laing,60519,0,67,0,11.07
ZMB_TW0052,5,ZMB_TW0052_5,Misisi/Kuku,73896,0,0,0,0
ZMB_TW0052,6,ZMB_TW0052_6,Misisi/Kuku,73896,0,0,0,0
ZMB_TW0052,7,ZMB_TW0052_7,Misisi/Kuku,73896,0,0,0,0
ZMB_TW0052,8,ZMB_TW0052_8,Misisi/Kuku,73896,0,0,0,0
ZMB_TW0052,9,ZMB_TW0052_9,Misisi/Kuku,73896,0,0,0,0
ZMB_TW0052,10,ZMB_TW0052_10,Misisi/Kuku,73896,0,0,0,0
ZMB_TW0052,11,ZMB_TW0052_11,Misisi/Kuku,73896,1,1,0.14,0.14
ZMB_TW0052,12,ZMB_TW0052_12,Misisi/Kuku,73896,0,1,0,0.14
ZMB_TW0052,13,ZMB_TW0052_13,Misisi/Kuku,73896,3,4,0.41,0.54
ZMB_TW0052,14,ZMB_TW0052_14,Misisi/Kuku,73896,1,5,0.14,0.68
ZMB_TW0052,15,ZMB_TW0052_15,Misisi/Kuku,73896,4,9,0.54,1.22
ZMB_TW0052,16,ZMB_TW0052_16,Misisi/Kuku,73896,0,9,0,1.22
ZMB_TW0052,17,ZMB_TW0052_17,Misisi/Kuku,73896,1,10,0.14,1.35
ZMB_TW0052,18,ZMB_TW0052_18,Misisi/Kuku,73896,0,10,0,1.35
ZMB_TW0052,19,ZMB_TW0052_19,Misisi/Kuku,73896,0,10,0,1.35
ZMB_TW0052,20,ZMB_TW0052_20,Misisi/Kuku,73896,0,10,0,1.35
ZMB_TW0053,5,ZMB_TW0053_5,Frank,12915,0,0,0,0
ZMB_TW0053,6,ZMB_TW0053_6,Frank,12915,0,0,0,0
ZMB_TW0053,7,ZMB_TW0053_7,Frank,12915,0,0,0,0
ZMB_TW0053,8,ZMB_TW0053_8,Frank,12915,0,0,0,0
ZMB_TW0053,9,ZMB_TW0053_9,Frank,12915,0,0,0,0
ZMB_TW0053,10,ZMB_TW0053_10,Frank,12915,0,0,0,0
ZMB_TW0053,11,ZMB_TW0053_11,Frank,12915,0,0,0,0
ZMB_TW0053,12,ZMB_TW0053_12,Frank,12915,0,0,0,0
ZMB_TW0053,13,ZMB_TW0053_13,Frank,12915,0,0,0,0
ZMB_TW0053,14,ZMB_TW0053_14,Frank,12915,0,0,0,0
ZMB_TW0053,15,ZMB_TW0053_15,Frank,12915,0,0,0,0
ZMB_TW0053,16,ZMB_TW0053_16,Frank,12915,0,0,0,0
ZMB_TW0053,17,ZMB_TW0053_17,Frank,12915,0,0,0,0
ZMB_TW0053,18,ZMB_TW0053_18,Frank,12915,0,0,0,0
ZMB_TW0053,19,ZMB_TW0053_19,Frank,12915,0,0,0,0
ZMB_TW0053,20,ZMB_TW0053_20,Frank,12915,0,0,0,0
ZMB_TW0054,5,ZMB_TW0054_5,John Howard,31271,0,0,0,0
ZMB_TW0054,6,ZMB_TW0054_6,John Howard,31271,0,0,0,0
ZMB_TW0054,7,ZMB_TW0054_7,John Howard,31271,0,0,0,0
ZMB_TW0054,8,ZMB_TW0054_8,John Howard,31271,2,2,0.64,0.64
ZMB_TW0054,9,ZMB_TW0054_9,John Howard,31271,0,2,0,0.64
ZMB_TW0054,10,ZMB_TW0054_10,John Howard,31271,0,2,0,0.64
ZMB_TW0054,11,ZMB_TW0054_11,John Howard,31271,0,2,0,0.64
ZMB_TW0054,12,ZMB_TW0054_12,John Howard,31271,0,2,0,0.64
ZMB_TW0054,13,ZMB_TW0054_13,John Howard,31271,1,3,0.32,0.96
ZMB_TW0054,14,ZMB_TW0054_14,John Howard,31271,1,4,0.32,1.28
ZMB_TW0054,15,ZMB_TW0054_15,John Howard,31271,3,7,0.96,2.24
ZMB_TW0054,16,ZMB_TW0054_16,John Howard,31271,0,7,0,2.24
ZMB_TW0054,17,ZMB_TW0054_17,John Howard,31271,0,7,0,2.24
ZMB_TW0054,18,ZMB_TW0054_18,John Howard,31271,0,7,0,2.24
ZMB_TW0054,19,ZMB_TW0054_19,John Howard,31271,0,7,0,2.24
ZMB_TW0054,20,ZMB_TW0054_20,John Howard,31271,0,7,0,2.24
ZMB_TW0055,5,ZMB_TW0055_5,Jack,8650,0,0,0,0
ZMB_TW0055,6,ZMB_TW0055_6,Jack,8650,0,0,0,0
ZMB_TW0055,7,ZMB_TW0055_7,Jack,8650,0,0,0,0
ZMB_TW0055,8,ZMB_TW0055_8,Jack,8650,0,0,0,0
ZMB_TW0055,9,ZMB_TW0055_9,Jack,8650,0,0,0,0
ZMB_TW0055,10,ZMB_TW0055_10,Jack,8650,0,0,0,0
ZMB_TW0055,11,ZMB_TW0055_11,Jack,8650,0,0,0,0
ZMB_TW0055,12,ZMB_TW0055_12,Jack,8650,0,0,0,0
ZMB_TW0055,13,ZMB_TW0055_13,Jack,8650,0,0,0,0
ZMB_TW0055,14,ZMB_TW0055_14,Jack,8650,0,0,0,0
ZMB_TW0055,15,ZMB_TW0055_15,Jack,8650,1,1,1.16,1.16
ZMB_TW0055,16,ZMB_TW0055_16,Jack,8650,0,1,0,1.16
ZMB_TW0055,17,ZMB_TW0055_17,Jack,8650,0,1,0,1.16
ZMB_TW0055,18,ZMB_TW0055_18,Jack,8650,0,1,0,1.16
ZMB_TW0055,19,ZMB_TW0055_19,Jack,8650,0,1,0,1.16
ZMB_TW0055,20,ZMB_TW0055_20,Jack,8650,0,1,0,1.16
ZMB_TW0056,5,ZMB_TW0056_5,Kuomboka,38164,0,0,0,0
ZMB_TW0056,6,ZMB_TW0056_6,Kuomboka,38164,0,0,0,0
ZMB_TW0056,7,ZMB_TW0056_7,Kuomboka,38164,0,0,0,0
ZMB_TW0056,8,ZMB_TW0056_8,Kuomboka,38164,0,0,0,0
ZMB_TW0056,9,ZMB_TW0056_9,Kuomboka,38164,0,0,0,0
ZMB_TW0056,10,ZMB_TW0056_10,Kuomboka,38164,0,0,0,0
ZMB_TW0056,11,ZMB_TW0056_11,Kuomboka,38164,0,0,0,0
ZMB_TW0056,12,ZMB_TW0056_12,Kuomboka,38164,0,0,0,0
ZMB_TW0056,13,ZMB_TW0056_13,Kuomboka,38164,0,0,0,0
ZMB_TW0056,14,ZMB_TW0056_14,Kuomboka,38164,0,0,0,0
ZMB_TW0056,15,ZMB_TW0056_15,Kuomboka,38164,0,0,0,0
ZMB_TW0056,16,ZMB_TW0056_16,Kuomboka,38164,0,0,0,0
ZMB_TW0056,17,ZMB_TW0056_17,Kuomboka,38164,0,0,0,0
ZMB_TW0056,18,ZMB_TW0056_18,Kuomboka,38164,0,0,0,0
ZMB_TW0056,19,ZMB_TW0056_19,Kuomboka,38164,0,0,0,0
ZMB_TW0056,20,ZMB_TW0056_20,Kuomboka,38164,0,0,0,0
ZMB_TW0057,5,ZMB_TW0057_5,Show Grounds,2959,0,0,0,0
ZMB_TW0057,6,ZMB_TW0057_6,Show Grounds,2959,0,0,0,0
ZMB_TW0057,7,ZMB_TW0057_7,Show Grounds,2959,0,0,0,0
ZMB_TW0057,8,ZMB_TW0057_8,Show Grounds,2959,0,0,0,0
ZMB_TW0057,9,ZMB_TW0057_9,Show Grounds,2959,0,0,0,0
ZMB_TW0057,10,ZMB_TW0057_10,Show Grounds,2959,0,0,0,0
ZMB_TW0057,11,ZMB_TW0057_11,Show Grounds,2959,0,0,0,0
ZMB_TW0057,12,ZMB_TW0057_12,Show Grounds,2959,0,0,0,0
ZMB_TW0057,13,ZMB_TW0057_13,Show Grounds,2959,0,0,0,0
ZMB_TW0057,14,ZMB_TW0057_14,Show Grounds,2959,0,0,0,0
ZMB_TW0057,15,ZMB_TW0057_15,Show Grounds,2959,0,0,0,0
ZMB_TW0057,16,ZMB_TW0057_16,Show Grounds,2959,0,0,0,0
ZMB_TW0057,17,ZMB_TW0057_17,Show Grounds,2959,0,0,0,0
ZMB_TW0057,18,ZMB_TW0057_18,Show Grounds,2959,0,0,0,0
ZMB_TW0057,19,ZMB_TW0057_19,Show Grounds,2959,0,0,0,0
ZMB_TW0057,20,ZMB_TW0057_20,Show Grounds,2959,0,0,0,0
ZMB_TW0058,5,ZMB_TW0058_5,Chazanga,20009,0,0,0,0
ZMB_TW0058,6,ZMB_TW0058_6,Chazanga,20009,0,0,0,0
ZMB_TW0058,7,ZMB_TW0058_7,Chazanga,20009,0,0,0,0
ZMB_TW0058,8,ZMB_TW0058_8,Chazanga,20009,0,0,0,0
ZMB_TW0058,9,ZMB_TW0058_9,Chazanga,20009,0,0,0,0
ZMB_TW0058,10,ZMB_TW0058_10,Chazanga,20009,0,0,0,0
ZMB_TW0058,11,ZMB_TW0058_11,Chazanga,20009,5,5,2.5,2.5
ZMB_TW0058,12,ZMB_TW0058_12,Chazanga,20009,0,5,0,2.5
ZMB_TW0058,13,ZMB_TW0058_13,Chazanga,20009,0,5,0,2.5
ZMB_TW0058,14,ZMB_TW0058_14,Chazanga,20009,3,8,1.5,4
ZMB_TW0058,15,ZMB_TW0058_15,Chazanga,20009,0,8,0,4
ZMB_TW0058,16,ZMB_TW0058_16,Chazanga,20009,0,8,0,4
ZMB_TW0058,17,ZMB_TW0058_17,Chazanga,20009,0,8,0,4
ZMB_TW0058,18,ZMB_TW0058_18,Chazanga,20009,0,8,0,4
ZMB_TW0058,19,ZMB_TW0058_19,Chazanga,20009,0,8,0,4
ZMB_TW0058,20,ZMB_TW0058_20,Chazanga,20009,0,8,0,4
ZMB_TW0059,5,ZMB_TW0059_5,Chainama,7056,0,0,0,0
ZMB_TW0059,6,ZMB_TW0059_6,Chainama,7056,0,0,0,0
ZMB_TW0059,7,ZMB_TW0059_7,Chainama,7056,0,0,0,0
ZMB_TW0059,8,ZMB_TW0059_8,Chainama,7056,0,0,0,0
ZMB_TW0059,9,ZMB_TW0059_9,Chainama,7056,0,0,0,0
ZMB_TW0059,10,ZMB_TW0059_10,Chainama,7056,0,0,0,0
ZMB_TW0059,11,ZMB_TW0059_11,Chainama,7056,0,0,0,0
ZMB_TW0059,12,ZMB_TW0059_12,Chainama,7056,0,0,0,0
ZMB_TW0059,13,ZMB_TW0059_13,Chainama,7056,0,0,0,0
ZMB_TW0059,14,ZMB_TW0059_14,Chainama,7056,3,3,4.25,4.25
ZMB_TW0059,15,ZMB_TW0059_15,Chainama,7056,0,3,0,4.25
ZMB_TW0059,16,ZMB_TW0059_16,Chainama,7056,0,3,0,4.25
ZMB_TW0059,17,ZMB_TW0059_17,Chainama,7056,0,3,0,4.25
ZMB_TW0059,18,ZMB_TW0059_18,Chainama,7056,0,3,0,4.25
ZMB_TW0059,19,ZMB_TW0059_19,Chainama,7056,0,3,0,4.25
ZMB_TW0059,20,ZMB_TW0059_20,Chainama,7056,0,3,0,4.25
ZMB_TW0060,5,ZMB_TW0060_5,Chelston,26516,0,0,0,0
ZMB_TW0060,6,ZMB_TW0060_6,Chelston,26516,0,0,0,0
ZMB_TW0060,7,ZMB_TW0060_7,Chelston,26516,0,0,0,0
ZMB_TW0060,8,ZMB_TW0060_8,Chelston,26516,0,0,0,0
ZMB_TW0060,9,ZMB_TW0060_9,Chelston,26516,0,0,0,0
ZMB_TW0060,10,ZMB_TW0060_10,Chelston,26516,0,0,0,0
ZMB_TW0060,11,ZMB_TW0060_11,Chelston,26516,0,0,0,0
ZMB_TW0060,12,ZMB_TW0060_12,Chelston,26516,0,0,0,0
ZMB_TW0060,13,ZMB_TW0060_13,Chelston,26516,0,0,0,0
ZMB_TW0060,14,ZMB_TW0060_14,Chelston,26516,1,1,0.38,0.38
ZMB_TW0060,15,ZMB_TW0060_15,Chelston,26516,0,1,0,0.38
ZMB_TW0060,16,ZMB_TW0060_16,Chelston,26516,0,1,0,0.38
ZMB_TW0060,17,ZMB_TW0060_17,Chelston,26516,0,1,0,0.38
ZMB_TW0060,18,ZMB_TW0060_18,Chelston,26516,0,1,0,0.38
ZMB_TW0060,19,ZMB_TW0060_19,Chelston,26516,0,1,0,0.38
ZMB_TW0060,20,ZMB_TW0060_20,Chelston,26516,0,1,0,0.38
ZMB_TW0061,5,ZMB_TW0061_5,Chawama,87478,0,0,0,0
ZMB_TW0061,6,ZMB_TW0061_6,Chawama,87478,0,0,0,0
ZMB_TW0061,7,ZMB_TW0061_7,Chawama,87478,0,0,0,0
ZMB_TW0061,8,ZMB_TW0061_8,Chawama,87478,0,0,0,0
ZMB_TW0061,9,ZMB_TW0061_9,Chawama,87478,0,0,0,0
ZMB_TW0061,10,ZMB_TW0061_10,Chawama,87478,0,0,0,0
ZMB_TW0061,11,ZMB_TW0061_11,Chawama,87478,5,5,0.57,0.57
ZMB_TW0061,12,ZMB_TW0061_12,Chawama,87478,2,7,0.23,0.8
ZMB_TW0061,13,ZMB_TW0061_13,Chawama,87478,14,21,1.6,2.4
ZMB_TW0061,14,ZMB_TW0061_14,Chawama,87478,2,23,0.23,2.63
ZMB_TW0061,15,ZMB_TW0061_15,Chawama,87478,7,30,0.8,3.43
ZMB_TW0061,16,ZMB_TW0061_16,Chawama,87478,1,31,0.11,3.54
ZMB_TW0061,17,ZMB_TW0061_17,Chawama,87478,0,31,0,3.54
ZMB_TW0061,18,ZMB_TW0061_18,Chawama,87478,0,31,0,3.54
ZMB_TW0061,19,ZMB_TW0061_19,Chawama,87478,0,31,0,3.54
ZMB_TW0061,20,ZMB_TW0061_20,Chawama,87478,0,31,0,3.54
ZMB_TW0062,5,ZMB_TW0062_5,Chamba Valley,4776,0,0,0,0
ZMB_TW0062,6,ZMB_TW0062_6,Chamba Valley,4776,0,0,0,0
ZMB_TW0062,7,ZMB_TW0062_7,Chamba Valley,4776,0,0,0,0
ZMB_TW0062,8,ZMB_TW0062_8,Chamba Valley,4776,0,0,0,0
ZMB_TW0062,9,ZMB_TW0062_9,Chamba Valley,4776,0,0,0,0
ZMB_TW0062,10,ZMB_TW0062_10,Chamba Valley,4776,0,0,0,0
ZMB_TW0062,11,ZMB_TW0062_11,Chamba Valley,4776,0,0,0,0
ZMB_TW0062,12,ZMB_TW0062_12,Chamba Valley,4776,0,0,0,0
ZMB_TW0062,13,ZMB_TW0062_13,Chamba Valley,4776,0,0,0,0
ZMB_TW0062,14,ZMB_TW0062_14,Chamba Valley,4776,0,0,0,0
ZMB_TW0062,15,ZMB_TW0062_15,Chamba Valley,4776,0,0,0,0
ZMB_TW0062,16,ZMB_TW0062_16,Chamba Valley,4776,0,0,0,0
ZMB_TW0062,17,ZMB_TW0062_17,Chamba Valley,4776,0,0,0,0
ZMB_TW0062,18,ZMB_TW0062_18,Chamba Valley,4776,0,0,0,0
ZMB_TW0062,19,ZMB_TW0062_19,Chamba Valley,4776,0,0,0,0
ZMB_TW0062,20,ZMB_TW0062_20,Chamba Valley,4776,0,0,0,0
ZMB_TW0063,5,ZMB_TW0063_5,Munali,30333,0,0,0,0
ZMB_TW0063,6,ZMB_TW0063_6,Munali,30333,0,0,0,0
ZMB_TW0063,7,ZMB_TW0063_7,Munali,30333,0,0,0,0
ZMB_TW0063,8,ZMB_TW0063_8,Munali,30333,0,0,0,0
ZMB_TW0063,9,ZMB_TW0063_9,Munali,30333,0,0,0,0
ZMB_TW0063,10,ZMB_TW0063_10,Munali,30333,0,0,0,0
ZMB_TW0063,11,ZMB_TW0063_11,Munali,30333,0,0,0,0
ZMB_TW0063,12,ZMB_TW0063_12,Munali,30333,0,0,0,0
ZMB_TW0063,13,ZMB_TW0063_13,Munali,30333,0,0,0,0
ZMB_TW0063,14,ZMB_TW0063_14,Munali,30333,0,0,0,0
ZMB_TW0063,15,ZMB_TW0063_15,Munali,30333,0,0,0,0
ZMB_TW0063,16,ZMB_TW0063_16,Munali,30333,0,0,0,0
ZMB_TW0063,17,ZMB_TW0063_17,Munali,30333,0,0,0,0
ZMB_TW0063,18,ZMB_TW0063_18,Munali,30333,0,0,0,0
ZMB_TW0063,19,ZMB_TW0063_19,Munali,30333,0,0,0,0
ZMB_TW0063,20,ZMB_TW0063_20,Munali,30333,0,0,0,0
ZMB_TW0064,5,ZMB_TW0064_5,Longacres,10028,0,0,0,0
ZMB_TW0064,6,ZMB_TW0064_6,Longacres,10028,0,0,0,0
ZMB_TW0064,7,ZMB_TW0064_7,Longacres,10028,0,0,0,0
ZMB_TW0064,8,ZMB_TW0064_8,Longacres,10028,0,0,0,0
ZMB_TW0064,9,ZMB_TW0064_9,Longacres,10028,0,0,0,0
ZMB_TW0064,10,ZMB_TW0064_10,Longacres,10028,0,0,0,0
ZMB_TW0064,11,ZMB_TW0064_11,Longacres,10028,0,0,0,0
ZMB_TW0064,12,ZMB_TW0064_12,Longacres,10028,0,0,0,0
ZMB_TW0064,13,ZMB_TW0064_13,Longacres,10028,0,0,0,0
ZMB_TW0064,14,ZMB_TW0064_14,Longacres,10028,0,0,0,0
ZMB_TW0064,15,ZMB_TW0064_15,Longacres,10028,0,0,0,0
ZMB_TW0064,16,ZMB_TW0064_16,Longacres,10028,0,0,0,0
ZMB_TW0064,17,ZMB_TW0064_17,Longacres,10028,0,0,0,0
ZMB_TW0064,18,ZMB_TW0064_18,Longacres,10028,0,0,0,0
ZMB_TW0064,19,ZMB_TW0064_19,Longacres,10028,0,0,0,0
ZMB_TW0064,20,ZMB_TW0064_20,Longacres,10028,0,0,0,0
ZMB_TW0065,5,ZMB_TW0065_5,Paradise,9327,0,0,0,0
ZMB_TW0065,6,ZMB_TW0065_6,Paradise,9327,0,0,0,0
ZMB_TW0065,7,ZMB_TW0065_7,Paradise,9327,0,0,0,0
ZMB_TW0065,8,ZMB_TW0065_8,Paradise,9327,0,0,0,0
ZMB_TW0065,9,ZMB_TW0065_9,Paradise,9327,0,0,0,0
ZMB_TW0065,10,ZMB_TW0065_10,Paradise,9327,0,0,0,0
ZMB_TW0065,11,ZMB_TW0065_11,Paradise,9327,0,0,0,0
ZMB_TW0065,12,ZMB_TW0065_12,Paradise,9327,0,0,0,0
ZMB_TW0065,13,ZMB_TW0065_13,Paradise,9327,0,0,0,0
ZMB_TW0065,14,ZMB_TW0065_14,Paradise,9327,0,0,0,0
ZMB_TW0065,15,ZMB_TW0065_15,Paradise,9327,0,0,0,0
ZMB_TW0065,16,ZMB_TW0065_16,Paradise,9327,0,0,0,0
ZMB_TW0065,17,ZMB_TW0065_17,Paradise,9327,0,0,0,0
ZMB_TW0065,18,ZMB_TW0065_18,Paradise,9327,0,0,0,0
ZMB_TW0065,19,ZMB_TW0065_19,Paradise,9327,0,0,0,0
ZMB_TW0065,20,ZMB_TW0065_20,Paradise,9327,0,0,0,0
ZMB_TW0066,5,ZMB_TW0066_5,George,83621,0,0,0,0
ZMB_TW0066,6,ZMB_TW0066_6,George,83621,0,0,0,0
ZMB_TW0066,7,ZMB_TW0066_7,George,83621,0,0,0,0
ZMB_TW0066,8,ZMB_TW0066_8,George,83621,0,0,0,0
ZMB_TW0066,9,ZMB_TW0066_9,George,83621,0,0,0,0
ZMB_TW0066,10,ZMB_TW0066_10,George,83621,0,0,0,0
ZMB_TW0066,11,ZMB_TW0066_11,George,83621,3,3,0.36,0.36
ZMB_TW0066,12,ZMB_TW0066_12,George,83621,0,3,0,0.36
ZMB_TW0066,13,ZMB_TW0066_13,George,83621,22,25,2.63,2.99
ZMB_TW0066,14,ZMB_TW0066_14,George,83621,10,35,1.2,4.19
ZMB_TW0066,15,ZMB_TW0066_15,George,83621,20,55,2.39,6.58
ZMB_TW0066,16,ZMB_TW0066_16,George,83621,8,63,0.96,7.53
ZMB_TW0066,17,ZMB_TW0066_17,George,83621,0,63,0,7.53
ZMB_TW0066,18,ZMB_TW0066_18,George,83621,0,63,0,7.53
ZMB_TW0066,19,ZMB_TW0066_19,George,83621,0,63,0,7.53
ZMB_TW0066,20,ZMB_TW0066_20,George,83621,0,63,0,7.53
ZMB_TW0067,5,ZMB_TW0067_5,Georges-Soweto,25718,0,0,0,0
ZMB_TW0067,6,ZMB_TW0067_6,Georges-Soweto,25718,0,0,0,0
ZMB_TW0067,7,ZMB_TW0067_7,Georges-Soweto,25718,0,0,0,0
ZMB_TW0067,8,ZMB_TW0067_8,Georges-Soweto,25718,0,0,0,0
ZMB_TW0067,9,ZMB_TW0067_9,Georges-Soweto,25718,0,0,0,0
ZMB_TW0067,10,ZMB_TW0067_10,Georges-Soweto,25718,1,1,0.39,0.39
ZMB_TW0067,11,ZMB_TW0067_11,Georges-Soweto,25718,0,1,0,0.39
ZMB_TW0067,12,ZMB_TW0067_12,Georges-Soweto,25718,0,1,0,0.39
ZMB_TW0067,13,ZMB_TW0067_13,Georges-Soweto,25718,1,2,0.39,0.78
ZMB_TW0067,14,ZMB_TW0067_14,Georges-Soweto,25718,0,2,0,0.78
ZMB_TW0067,15,ZMB_TW0067_15,Georges-Soweto,25718,8,10,3.11,3.89
ZMB_TW0067,16,ZMB_TW0067_16,Georges-Soweto,25718,2,12,0.78,4.67
ZMB_TW0067,17,ZMB_TW0067_17,Georges-Soweto,25718,0,12,0,4.67
ZMB_TW0067,18,ZMB_TW0067_18,Georges-Soweto,25718,0,12,0,4.67
ZMB_TW0067,19,ZMB_TW0067_19,Georges-Soweto,25718,0,12,0,4.67
ZMB_TW0067,20,ZMB_TW0067_20,Georges-Soweto,25718,0,12,0,4.67
ZMB_TW0068,5,ZMB_TW0068_5,Freedom/Chilanga,11955,0,0,0,0
ZMB_TW0068,6,ZMB_TW0068_6,Freedom/Chilanga,11955,0,0,0,0
ZMB_TW0068,7,ZMB_TW0068_7,Freedom/Chilanga,11955,0,0,0,0
ZMB_TW0068,8,ZMB_TW0068_8,Freedom/Chilanga,11955,0,0,0,0
ZMB_TW0068,9,ZMB_TW0068_9,Freedom/Chilanga,11955,0,0,0,0
ZMB_TW0068,10,ZMB_TW0068_10,Freedom/Chilanga,11955,0,0,0,0
ZMB_TW0068,11,ZMB_TW0068_11,Freedom/Chilanga,11955,0,0,0,0
ZMB_TW0068,12,ZMB_TW0068_12,Freedom/Chilanga,11955,0,0,0,0
ZMB_TW0068,13,ZMB_TW0068_13,Freedom/Chilanga,11955,0,0,0,0
ZMB_TW0068,14,ZMB_TW0068_14,Freedom/Chilanga,11955,0,0,0,0
ZMB_TW0068,15,ZMB_TW0068_15,Freedom/Chilanga,11955,0,0,0,0
ZMB_TW0068,16,ZMB_TW0068_16,Freedom/Chilanga,11955,0,0,0,0
ZMB_TW0068,17,ZMB_TW0068_17,Freedom/Chilanga,11955,0,0,0,0
ZMB_TW0068,18,ZMB_TW0068_18,Freedom/Chilanga,11955,0,0,0,0
ZMB_TW0068,19,ZMB_TW0068_19,Freedom/Chilanga,11955,0,0,0,0
ZMB_TW0068,20,ZMB_TW0068_20,Freedom/Chilanga,11955,0,0,0,0
ZMB_TW0069,5,ZMB_TW0069_5,Lilayi,6413,0,0,0,0
ZMB_TW0069,6,ZMB_TW0069_6,Lilayi,6413,0,0,0,0
ZMB_TW0069,7,ZMB_TW0069_7,Lilayi,6413,0,0,0,0
ZMB_TW0069,8,ZMB_TW0069_8,Lilayi,6413,0,0,0,0
ZMB_TW0069,9,ZMB_TW0069_9,Lilayi,6413,0,0,0,0
ZMB_TW0069,10,ZMB_TW0069_10,Lilayi,6413,0,0,0,0
ZMB_TW0069,11,ZMB_TW0069_11,Lilayi,6413,0,0,0,0
ZMB_TW0069,12,ZMB_TW0069_12,Lilayi,6413,0,0,0,0
ZMB_TW0069,13,ZMB_TW0069_13,Lilayi,6413,0,0,0,0
ZMB_TW0069,14,ZMB_TW0069_14,Lilayi,6413,0,0,0,0
ZMB_TW0069,15,ZMB_TW0069_15,Lilayi,6413,0,0,0,0
ZMB_TW0069,16,ZMB_TW0069_16,Lilayi,6413,0,0,0,0
ZMB_TW0069,17,ZMB_TW0069_17,Lilayi,6413,0,0,0,0
ZMB_TW0069,18,ZMB_TW0069_18,Lilayi,6413,0,0,0,0
ZMB_TW0069,19,ZMB_TW0069_19,Lilayi,6413,0,0,0,0
ZMB_TW0069,20,ZMB_TW0069_20,Lilayi,6413,0,0,0,0
ZMB_TW0070,5,ZMB_TW0070_5,Balaston,26103,0,0,0,0
ZMB_TW0070,6,ZMB_TW0070_6,Balaston,26103,0,0,0,0
ZMB_TW0070,7,ZMB_TW0070_7,Balaston,26103,0,0,0,0
ZMB_TW0070,8,ZMB_TW0070_8,Balaston,26103,0,0,0,0
ZMB_TW0070,9,ZMB_TW0070_9,Balaston,26103,0,0,0,0
ZMB_TW0070,10,ZMB_TW0070_10,Balaston,26103,0,0,0,0
ZMB_TW0070,11,ZMB_TW0070_11,Balaston,26103,2,2,0.77,0.77
ZMB_TW0070,12,ZMB_TW0070_12,Balaston,26103,0,2,0,0.77
ZMB_TW0070,13,ZMB_TW0070_13,Balaston,26103,1,3,0.38,1.15
ZMB_TW0070,14,ZMB_TW0070_14,Balaston,26103,0,3,0,1.15
ZMB_TW0070,15,ZMB_TW0070_15,Balaston,26103,1,4,0.38,1.53
ZMB_TW0070,16,ZMB_TW0070_16,Balaston,26103,0,4,0,1.53
ZMB_TW0070,17,ZMB_TW0070_17,Balaston,26103,0,4,0,1.53
ZMB_TW0070,18,ZMB_TW0070_18,Balaston,26103,0,4,0,1.53
ZMB_TW0070,19,ZMB_TW0070_19,Balaston,26103,0,4,0,1.53
ZMB_TW0070,20,ZMB_TW0070_20,Balaston,26103,0,4,0,1.53
ZMB_TW0071,5,ZMB_TW0071_5,Makeni,17793,0,0,0,0
ZMB_TW0071,6,ZMB_TW0071_6,Makeni,17793,0,0,0,0
ZMB_TW0071,7,ZMB_TW0071_7,Makeni,17793,0,0,0,0
ZMB_TW0071,8,ZMB_TW0071_8,Makeni,17793,0,0,0,0
ZMB_TW0071,9,ZMB_TW0071_9,Makeni,17793,0,0,0,0
ZMB_TW0071,10,ZMB_TW0071_10,Makeni,17793,0,0,0,0
ZMB_TW0071,11,ZMB_TW0071_11,Makeni,17793,0,0,0,0
ZMB_TW0071,12,ZMB_TW0071_12,Makeni,17793,0,0,0,0
ZMB_TW0071,13,ZMB_TW0071_13,Makeni,17793,1,1,0.56,0.56
ZMB_TW0071,14,ZMB_TW0071_14,Makeni,17793,1,2,0.56,1.12
ZMB_TW0071,15,ZMB_TW0071_15,Makeni,17793,0,2,0,1.12
ZMB_TW0071,16,ZMB_TW0071_16,Makeni,17793,1,3,0.56,1.69
ZMB_TW0071,17,ZMB_TW0071_17,Makeni,17793,1,4,0.56,2.25
ZMB_TW0071,18,ZMB_TW0071_18,Makeni,17793,0,4,0,2.25
ZMB_TW0071,19,ZMB_TW0071_19,Makeni,17793,0,4,0,2.25
ZMB_TW0071,20,ZMB_TW0071_20,Makeni,17793,0,4,0,2.25
ZMB_TW0072,5,ZMB_TW0072_5,Linda,14895,0,0,0,0
ZMB_TW0072,6,ZMB_TW0072_6,Linda,14895,0,0,0,0
ZMB_TW0072,7,ZMB_TW0072_7,Linda,14895,0,0,0,0
ZMB_TW0072,8,ZMB_TW0072_8,Linda,14895,0,0,0,0
ZMB_TW0072,9,ZMB_TW0072_9,Linda,14895,0,0,0,0
ZMB_TW0072,10,ZMB_TW0072_10,Linda,14895,0,0,0,0
ZMB_TW0072,11,ZMB_TW0072_11,Linda,14895,0,0,0,0
ZMB_TW0072,12,ZMB_TW0072_12,Linda,14895,0,0,0,0
ZMB_TW0072,13,ZMB_TW0072_13,Linda,14895,0,0,0,0
ZMB_TW0072,14,ZMB_TW0072_14,Linda,14895,0,0,0,0
ZMB_TW0072,15,ZMB_TW0072_15,Linda,14895,1,1,0.67,0.67
ZMB_TW0072,16,ZMB_TW0072_16,Linda,14895,0,1,0,0.67
ZMB_TW0072,17,ZMB_TW0072_17,Linda,14895,0,1,0,0.67
ZMB_TW0072,18,ZMB_TW0072_18,Linda,14895,0,1,0,0.67
ZMB_TW0072,19,ZMB_TW0072_19,Linda,14895,0,1,0,0.67
ZMB_TW0072,20,ZMB_TW0072_20,Linda,14895,0,1,0,0.67
ZMB_TW0073,5,ZMB_TW0073_5,Mazyopa,0,0,0,0,0
ZMB_TW0073,6,ZMB_TW0073_6,Mazyopa,0,0,0,0,0
ZMB_TW0073,7,ZMB_TW0073_7,Mazyopa,0,0,0,0,0
ZMB_TW0073,8,ZMB_TW0073_8,Mazyopa,0,0,0,0,0
ZMB_TW0073,9,ZMB_TW0073_9,Mazyopa,0,0,0,0,0
ZMB_TW0073,10,ZMB_TW0073_10,Mazyopa,0,0,0,0,0
ZMB_TW0073,11,ZMB_TW0073_11,Mazyopa,0,0,0,0,0
ZMB_TW0073,12,ZMB_TW0073_12,Mazyopa,0,0,0,0,0
ZMB_TW0073,13,ZMB_TW0073_13,Mazyopa,0,0,0,0,0
ZMB_TW0073,14,ZMB_TW0073_14,Mazyopa,0,0,0,0,0
ZMB_TW0073,15,ZMB_TW0073_15,Mazyopa,0,0,0,0,0
ZMB_TW0073,16,ZMB_TW0073_16,Mazyopa,0,0,0,0,0
ZMB_TW0073,17,ZMB_TW0073_17,Mazyopa,0,0,0,0,0
ZMB_TW0073,18,ZMB_TW0073_18,Mazyopa,0,0,0,0,0
ZMB_TW0073,19,ZMB_TW0073_19,Mazyopa,0,0,0,0,0
ZMB_TW0073,20,ZMB_TW0073_20,Mazyopa,0,0,0,0,0
ZMB_TW0074,5,ZMB_TW0074_5,Nyumba Yanga,9683,0,0,0,0
ZMB_TW0074,6,ZMB_TW0074_6,Nyumba Yanga,9683,0,0,0,0
ZMB_TW0074,7,ZMB_TW0074_7,Nyumba Yanga,9683,0,0,0,0
ZMB_TW0074,8,ZMB_TW0074_8,Nyumba Yanga,9683,0,0,0,0
ZMB_TW0074,9,ZMB_TW0074_9,Nyumba Yanga,9683,0,0,0,0
ZMB_TW0074,10,ZMB_TW0074_10,Nyumba Yanga,9683,0,0,0,0
ZMB_TW0074,11,ZMB_TW0074_11,Nyumba Yanga,9683,1,1,1.03,1.03
ZMB_TW0074,12,ZMB_TW0074_12,Nyumba Yanga,9683,0,1,0,1.03
ZMB_TW0074,13,ZMB_TW0074_13,Nyumba Yanga,9683,0,1,0,1.03
ZMB_TW0074,14,ZMB_TW0074_14,Nyumba Yanga,9683,0,1,0,1.03
ZMB_TW0074,15,ZMB_TW0074_15,Nyumba Yanga,9683,0,1,0,1.03
ZMB_TW0074,16,ZMB_TW0074_16,Nyumba Yanga,9683,0,1,0,1.03
ZMB_TW0074,17,ZMB_TW0074_17,Nyumba Yanga,9683,0,1,0,1.03
ZMB_TW0074,18,ZMB_TW0074_18,Nyumba Yanga,9683,0,1,0,1.03
ZMB_TW0074,19,ZMB_TW0074_19,Nyumba Yanga,9683,0,1,0,1.03
ZMB_TW0074,20,ZMB_TW0074_20,Nyumba Yanga,9683,0,1,0,1.03
ZMB_TW0077,5,ZMB_TW0077_5,Civic Centre,8243,0,0,0,0
ZMB_TW0077,6,ZMB_TW0077_6,Civic Centre,8243,0,0,0,0
ZMB_TW0077,7,ZMB_TW0077_7,Civic Centre,8243,0,0,0,0
ZMB_TW0077,8,ZMB_TW0077_8,Civic Centre,8243,0,0,0,0
ZMB_TW0077,9,ZMB_TW0077_9,Civic Centre,8243,0,0,0,0
ZMB_TW0077,10,ZMB_TW0077_10,Civic Centre,8243,0,0,0,0
ZMB_TW0077,11,ZMB_TW0077_11,Civic Centre,8243,0,0,0,0
ZMB_TW0077,12,ZMB_TW0077_12,Civic Centre,8243,0,0,0,0
ZMB_TW0077,13,ZMB_TW0077_13,Civic Centre,8243,0,0,0,0
ZMB_TW0077,14,ZMB_TW0077_14,Civic Centre,8243,0,0,0,0
ZMB_TW0077,15,ZMB_TW0077_15,Civic Centre,8243,0,0,0,0
ZMB_TW0077,16,ZMB_TW0077_16,Civic Centre,8243,0,0,0,0
ZMB_TW0077,17,ZMB_TW0077_17,Civic Centre,8243,0,0,0,0
ZMB_TW0077,18,ZMB_TW0077_18,Civic Centre,8243,0,0,0,0
ZMB_TW0077,19,ZMB_TW0077_19,Civic Centre,8243,0,0,0,0
ZMB_TW0077,20,ZMB_TW0077_20,Civic Centre,8243,0,0,0,0
ZMB_TW0078,5,ZMB_TW0078_5,Kanyama West,62291,0,0,0,0
ZMB_TW0078,6,ZMB_TW0078_6,Kanyama West,62291,3,3,0.48,0.48
ZMB_TW0078,7,ZMB_TW0078_7,Kanyama West,62291,4,7,0.64,1.12
ZMB_TW0078,8,ZMB_TW0078_8,Kanyama West,62291,0,7,0,1.12
ZMB_TW0078,9,ZMB_TW0078_9,Kanyama West,62291,0,7,0,1.12
ZMB_TW0078,10,ZMB_TW0078_10,Kanyama West,62291,0,7,0,1.12
ZMB_TW0078,11,ZMB_TW0078_11,Kanyama West,62291,1,8,0.16,1.28
ZMB_TW0078,12,ZMB_TW0078_12,Kanyama West,62291,0,8,0,1.28
ZMB_TW0078,13,ZMB_TW0078_13,Kanyama West,62291,1,9,0.16,1.44
ZMB_TW0078,14,ZMB_TW0078_14,Kanyama West,62291,1,10,0.16,1.61
ZMB_TW0078,15,ZMB_TW0078_15,Kanyama West,62291,4,14,0.64,2.25
ZMB_TW0078,16,ZMB_TW0078_16,Kanyama West,62291,7,21,1.12,3.37
ZMB_TW0078,17,ZMB_TW0078_17,Kanyama West,62291,1,22,0.16,3.53
ZMB_TW0078,18,ZMB_TW0078_18,Kanyama West,62291,0,22,0,3.53
ZMB_TW0078,19,ZMB_TW0078_19,Kanyama West,62291,0,22,0,3.53
ZMB_TW0078,20,ZMB_TW0078_20,Kanyama West,62291,0,22,0,3.53
ZMB_TW0079,5,ZMB_TW0079_5,Ngwerere,11887,0,0,0,0
ZMB_TW0079,6,ZMB_TW0079_6,Ngwerere,11887,0,0,0,0
ZMB_TW0079,7,ZMB_TW0079_7,Ngwerere,11887,0,0,0,0
ZMB_TW0079,8,ZMB_TW0079_8,Ngwerere,11887,0,0,0,0
ZMB_TW0079,9,ZMB_TW0079_9,Ngwerere,11887,0,0,0,0
ZMB_TW0079,10,ZMB_TW0079_10,Ngwerere,11887,0,0,0,0
ZMB_TW0079,11,ZMB_TW0079_11,Ngwerere,11887,0,0,0,0
ZMB_TW0079,12,ZMB_TW0079_12,Ngwerere,11887,0,0,0,0
ZMB_TW0079,13,ZMB_TW0079_13,Ngwerere,11887,0,0,0,0
ZMB_TW0079,14,ZMB_TW0079_14,Ngwerere,11887,0,0,0,0
ZMB_TW0079,15,ZMB_TW0079_15,Ngwerere,11887,0,0,0,0
ZMB_TW0079,16,ZMB_TW0079_16,Ngwerere,11887,0,0,0,0
ZMB_TW0079,17,ZMB_TW0079_17,Ngwerere,11887,0,0,0,0
ZMB_TW0079,18,ZMB_TW0079_18,Ngwerere,11887,0,0,0,0
ZMB_TW0079,19,ZMB_TW0079_19,Ngwerere,11887,0,0,0,0
ZMB_TW0079,20,ZMB_TW0079_20,Ngwerere,11887,0,0,0,0
ZMB_TW0081,5,ZMB_TW0081_5,New Kasama,0,0,0,0,0
ZMB_TW0081,6,ZMB_TW0081_6,New Kasama,0,0,0,0,0
ZMB_TW0081,7,ZMB_TW0081_7,New Kasama,0,0,0,0,0
ZMB_TW0081,8,ZMB_TW0081_8,New Kasama,0,0,0,0,0
ZMB_TW0081,9,ZMB_TW0081_9,New Kasama,0,0,0,0,0
ZMB_TW0081,10,ZMB_TW0081_10,New Kasama,0,0,0,0,0
ZMB_TW0081,11,ZMB_TW0081_11,New Kasama,0,0,0,0,0
ZMB_TW0081,12,ZMB_TW0081_12,New Kasama,0,0,0,0,0
ZMB_TW0081,13,ZMB_TW0081_13,New Kasama,0,0,0,0,0
ZMB_TW0081,14,ZMB_TW0081_14,New Kasama,0,1,1,0,0
ZMB_TW0081,15,ZMB_TW0081_15,New Kasama,0,1,2,0,0
ZMB_TW0081,16,ZMB_TW0081_16,New Kasama,0,0,2,0,0
ZMB_TW0081,17,ZMB_TW0081_17,New Kasama,0,0,2,0,0
ZMB_TW0081,18,ZMB_TW0081_18,New Kasama,0,0,2,0,0
ZMB_TW0081,19,ZMB_TW0081_19,New Kasama,0,0,2,0,0
ZMB_TW0081,20,ZMB_TW0081_20,New Kasama,0,0,2,0,0
ZMB_TW0082,5,ZMB_TW0082_5,Cementery,0,0,0,0,0
ZMB_TW0082,6,ZMB_TW0082_6,Cementery,0,0,0,0,0
ZMB_TW0082,7,ZMB_TW0082_7,Cementery,0,0,0,0,0
ZMB_TW0082,8,ZMB_TW0082_8,Cementery,0,0,0,0,0
ZMB_TW0082,9,ZMB_TW0082_9,Cementery,0,0,0,0,0
ZMB_TW0082,10,ZMB_TW0082_10,Cementery,0,0,0,0,0
ZMB_TW0082,11,ZMB_TW0082_11,Cementery,0,0,0,0,0
ZMB_TW0082,12,ZMB_TW0082_12,Cementery,0,0,0,0,0
ZMB_TW0082,13,ZMB_TW0082_13,Cementery,0,0,0,0,0
ZMB_TW0082,14,ZMB_TW0082_14,Cementery,0,0,0,0,0
ZMB_TW0082,15,ZMB_TW0082_15,Cementery,0,0,0,0,0
ZMB_TW0082,16,ZMB_TW0082_16,Cementery,0,0,0,0,0
ZMB_TW0082,17,ZMB_TW0082_17,Cementery,0,0,0,0,0
ZMB_TW0082,18,ZMB_TW0082_18,Cementery,0,0,0,0,0
ZMB_TW0082,19,ZMB_TW0082_19,Cementery,0,0,0,0,0
ZMB_TW0082,20,ZMB_TW0082_20,Cementery,0,0,0,0,0
ZMB_TW0083,5,ZMB_TW0083_5,Chandamali,0,0,0,0,0
ZMB_TW0083,6,ZMB_TW0083_6,Chandamali,0,0,0,0,0
ZMB_TW0083,7,ZMB_TW0083_7,Chandamali,0,0,0,0,0
ZMB_TW0083,8,ZMB_TW0083_8,Chandamali,0,0,0,0,0
ZMB_TW0083,9,ZMB_TW0083_9,Chandamali,0,0,0,0,0
ZMB_TW0083,10,ZMB_TW0083_10,Chandamali,0,0,0,0,0
ZMB_TW0083,11,ZMB_TW0083_11,Chandamali,0,0,0,0,0
ZMB_TW0083,12,ZMB_TW0083_12,Chandamali,0,0,0,0,0
ZMB_TW0083,13,ZMB_TW0083_13,Chandamali,0,0,0,0,0
ZMB_TW0083,14,ZMB_TW0083_14,Chandamali,0,0,0,0,0
ZMB_TW0083,15,ZMB_TW0083_15,Chandamali,0,0,0,0,0
ZMB_TW0083,16,ZMB_TW0083_16,Chandamali,0,0,0,0,0
ZMB_TW0083,17,ZMB_TW0083_17,Chandamali,0,0,0,0,0
ZMB_TW0083,18,ZMB_TW0083_18,Chandamali,0,0,0,0,0
ZMB_TW0083,19,ZMB_TW0083_19,Chandamali,0,0,0,0,0
ZMB_TW0083,20,ZMB_TW0083_20,Chandamali,0,0,0,0,0
ZMB_TW0085,5,ZMB_TW0085_5,Workers,0,0,0,0,0
ZMB_TW0085,6,ZMB_TW0085_6,Workers,0,0,0,0,0
ZMB_TW0085,7,ZMB_TW0085_7,Workers,0,0,0,0,0
ZMB_TW0085,8,ZMB_TW0085_8,Workers,0,0,0,0,0
ZMB_TW0085,9,ZMB_TW0085_9,Workers,0,0,0,0,0
ZMB_TW0085,10,ZMB_TW0085_10,Workers,0,0,0,0,0
ZMB_TW0085,11,ZMB_TW0085_11,Workers,0,0,0,0,0
ZMB_TW0085,12,ZMB_TW0085_12,Workers,0,0,0,0,0
ZMB_TW0085,13,ZMB_TW0085_13,Workers,0,0,0,0,0
ZMB_TW0085,14,ZMB_TW0085_14,Workers,0,0,0,0,0
ZMB_TW0085,15,ZMB_TW0085_15,Workers,0,0,0,0,0
ZMB_TW0085,16,ZMB_TW0085_16,Workers,0,0,0,0,0
ZMB_TW0085,17,ZMB_TW0085_17,Workers,0,0,0,0,0
ZMB_TW0085,18,ZMB_TW0085_18,Workers,0,0,0,0,0
ZMB_TW0085,19,ZMB_TW0085_19,Workers,0,0,0,0,0
ZMB_TW0085,20,ZMB_TW0085_20,Workers,0,0,0,0,0
ZMB_TW0086,5,ZMB_TW0086_5,Handsworth Park,12211,0,0,0,0
ZMB_TW0086,6,ZMB_TW0086_6,Handsworth Park,12211,0,0,0,0
ZMB_TW0086,7,ZMB_TW0086_7,Handsworth Park,12211,0,0,0,0
ZMB_TW0086,8,ZMB_TW0086_8,Handsworth Park,12211,0,0,0,0
ZMB_TW0086,9,ZMB_TW0086_9,Handsworth Park,12211,0,0,0,0
ZMB_TW0086,10,ZMB_TW0086_10,Handsworth Park,12211,0,0,0,0
ZMB_TW0086,11,ZMB_TW0086_11,Handsworth Park,12211,0,0,0,0
ZMB_TW0086,12,ZMB_TW0086_12,Handsworth Park,12211,0,0,0,0
ZMB_TW0086,13,ZMB_TW0086_13,Handsworth Park,12211,0,0,0,0
ZMB_TW0086,14,ZMB_TW0086_14,Handsworth Park,12211,0,0,0,0
ZMB_TW0086,15,ZMB_TW0086_15,Handsworth Park,12211,0,0,0,0
ZMB_TW0086,16,ZMB_TW0086_16,Handsworth Park,12211,0,0,0,0
ZMB_TW0086,17,ZMB_TW0086_17,Handsworth Park,12211,0,0,0,0
ZMB_TW0086,18,ZMB_TW0086_18,Handsworth Park,12211,0,0,0,0
ZMB_TW0086,19,ZMB_TW0086_19,Handsworth Park,12211,0,0,0,0
ZMB_TW0086,20,ZMB_TW0086_20,Handsworth Park,12211,0,0,0,0
ZMB_TW0087,5,ZMB_TW0087_5,Airport,0,0,0,0,0
ZMB_TW0087,6,ZMB_TW0087_6,Airport,0,0,0,0,0
ZMB_TW0087,7,ZMB_TW0087_7,Airport,0,0,0,0,0
ZMB_TW0087,8,ZMB_TW0087_8,Airport,0,0,0,0,0
ZMB_TW0087,9,ZMB_TW0087_9,Airport,0,0,0,0,0
ZMB_TW0087,10,ZMB_TW0087_10,Airport,0,0,0,0,0
ZMB_TW0087,11,ZMB_TW0087_11,Airport,0,0,0,0,0
ZMB_TW0087,12,ZMB_TW0087_12,Airport,0,0,0,0,0
ZMB_TW0087,13,ZMB_TW0087_13,Airport,0,0,0,0,0
ZMB_TW0087,14,ZMB_TW0087_14,Airport,0,0,0,0,0
ZMB_TW0087,15,ZMB_TW0087_15,Airport,0,0,0,0,0
ZMB_TW0087,16,ZMB_TW0087_16,Airport,0,0,0,0,0
ZMB_TW0087,17,ZMB_TW0087_17,Airport,0,0,0,0,0
ZMB_TW0087,18,ZMB_TW0087_18,Airport,0,0,0,0,0
ZMB_TW0087,19,ZMB_TW0087_19,Airport,0,0,0,0,0
ZMB_TW0087,20,ZMB_TW0087_20,Airport,0,0,0,0,0
ZMB_TW0088,5,ZMB_TW0088_5,Chingwere,0,0,0,0,0
ZMB_TW0088,6,ZMB_TW0088_6,Chingwere,0,0,0,0,0
ZMB_TW0088,7,ZMB_TW0088_7,Chingwere,0,0,0,0,0
ZMB_TW0088,8,ZMB_TW0088_8,Chingwere,0,0,0,0,0
ZMB_TW0088,9,ZMB_TW0088_9,Chingwere,0,0,0,0,0
ZMB_TW0088,10,ZMB_TW0088_10,Chingwere,0,0,0,0,0
ZMB_TW0088,11,ZMB_TW0088_11,Chingwere,0,1,1,0,0
ZMB_TW0088,12,ZMB_TW0088_12,Chingwere,0,0,1,0,0
ZMB_TW0088,13,ZMB_TW0088_13,Chingwere,0,0,1,0,0
ZMB_TW0088,14,ZMB_TW0088_14,Chingwere,0,0,1,0,0
ZMB_TW0088,15,ZMB_TW0088_15,Chingwere,0,0,1,0,0
ZMB_TW0088,16,ZMB_TW0088_16,Chingwere,0,0,1,0,0
ZMB_TW0088,17,ZMB_TW0088_17,Chingwere,0,0,1,0,0
ZMB_TW0088,18,ZMB_TW0088_18,Chingwere,0,0,1,0,0
ZMB_TW0088,19,ZMB_TW0088_19,Chingwere,0,0,1,0,0
ZMB_TW0088,20,ZMB_TW0088_20,Chingwere,0,0,1,0,0
ZMB_TW0089,5,ZMB_TW0089_5,Arakan,16183,0,0,0,0
ZMB_TW0089,6,ZMB_TW0089_6,Arakan,16183,0,0,0,0
ZMB_TW0089,7,ZMB_TW0089_7,Arakan,16183,0,0,0,0
ZMB_TW0089,8,ZMB_TW0089_8,Arakan,16183,0,0,0,0
ZMB_TW0089,9,ZMB_TW0089_9,Arakan,16183,0,0,0,0
ZMB_TW0089,10,ZMB_TW0089_10,Arakan,16183,0,0,0,0
ZMB_TW0089,11,ZMB_TW0089_11,Arakan,16183,0,0,0,0
ZMB_TW0089,12,ZMB_TW0089_12,Arakan,16183,0,0,0,0
ZMB_TW0089,13,ZMB_TW0089_13,Arakan,16183,0,0,0,0
ZMB_TW0089,14,ZMB_TW0089_14,Arakan,16183,0,0,0,0
ZMB_TW0089,15,ZMB_TW0089_15,Arakan,16183,0,0,0,0
ZMB_TW0089,16,ZMB_TW0089_16,Arakan,16183,0,0,0,0
ZMB_TW0089,17,ZMB_TW0089_17,Arakan,16183,0,0,0,0
ZMB_TW0089,18,ZMB_TW0089_18,Arakan,16183,0,0,0,0
ZMB_TW0089,19,ZMB_TW0089_19,Arakan,16183,0,0,0,0
ZMB_TW0089,20,ZMB_TW0089_20,Arakan,16183,0,0,0,0
ZMB_TW0090,5,ZMB_TW0090_5,Buckley,2478,0,0,0,0
ZMB_TW0090,6,ZMB_TW0090_6,Buckley,2478,0,0,0,0
ZMB_TW0090,7,ZMB_TW0090_7,Buckley,2478,0,0,0,0
ZMB_TW0090,8,ZMB_TW0090_8,Buckley,2478,0,0,0,0
ZMB_TW0090,9,ZMB_TW0090_9,Buckley,2478,0,0,0,0
ZMB_TW0090,10,ZMB_TW0090_10,Buckley,2478,0,0,0,0
ZMB_TW0090,11,ZMB_TW0090_11,Buckley,2478,0,0,0,0
ZMB_TW0090,12,ZMB_TW0090_12,Buckley,2478,0,0,0,0
ZMB_TW0090,13,ZMB_TW0090_13,Buckley,2478,0,0,0,0
ZMB_TW0090,14,ZMB_TW0090_14,Buckley,2478,0,0,0,0
ZMB_TW0090,15,ZMB_TW0090_15,Buckley,2478,0,0,0,0
ZMB_TW0090,16,ZMB_TW0090_16,Buckley,2478,0,0,0,0
ZMB_TW0090,17,ZMB_TW0090_17,Buckley,2478,0,0,0,0
ZMB_TW0090,18,ZMB_TW0090_18,Buckley,2478,0,0,0,0
ZMB_TW0090,19,ZMB_TW0090_19,Buckley,2478,0,0,0,0
ZMB_TW0090,20,ZMB_TW0090_20,Buckley,2478,0,0,0,0
